"id","keyword","cluster","content_type","target_calculator","primary_url","related_links","backlink_from","search_intent","priority","status","week","scheduled_order","slug","angle"
"1","how much does a concrete slab cost per square foot","concrete","Blog","concrete-slab-calculator","/tools/concrete/concrete-slab-calculator.html","/tools/concrete/concrete-slab-calculator.html | /tools/concrete/block-calculator.html | /tools/concrete/brick-calculator.html | /tools/concrete/","/tools/concrete/concrete-slab-calculator.html | /tools/concrete/","Commercial","High","Done","1","1","how-much-does-a-concrete-slab-cost-per-square-foot","4 vs 6 inch cost breakdown, ready-mix vs bags"
"2","how many bags of concrete do i need for a 10x10 slab","concrete","Blog","concrete-slab-calculator","/tools/concrete/concrete-slab-calculator.html","/tools/concrete/concrete-slab-calculator.html | /tools/concrete/block-calculator.html | /tools/concrete/brick-calculator.html | /tools/concrete/","/tools/concrete/concrete-slab-calculator.html | /tools/concrete/","Informational","High","Done","1","2","how-many-bags-of-concrete-do-i-need-for-a-10x10-slab","80lb/60lb bag count with 10% waste"
"3","how to calculate concrete for a footing","concrete","Blog","concrete-footing-calculator","/tools/concrete/concrete-footing-calculator.html","/tools/concrete/concrete-footing-calculator.html | /tools/concrete/block-calculator.html | /tools/concrete/brick-calculator.html | /tools/concrete/","/tools/concrete/concrete-footing-calculator.html | /tools/concrete/","Informational","High","Done","1","3","how-to-calculate-concrete-for-a-footing","formula + step example"
"4","concrete bag vs ready mix cost calculator","concrete","Blog","concrete-slab-calculator","/tools/concrete/concrete-slab-calculator.html","/tools/concrete/concrete-slab-calculator.html | /tools/concrete/block-calculator.html | /tools/concrete/brick-calculator.html | /tools/concrete/","/tools/concrete/concrete-slab-calculator.html | /tools/concrete/","Commercial","Medium","Done","1","4","concrete-bag-vs-ready-mix-cost-calculator","break-even at 1 cubic yard"
"5","how many yards of concrete for a 24x24 slab","concrete","Blog","concrete-slab-calculator","/tools/concrete/concrete-slab-calculator.html","/tools/concrete/concrete-slab-calculator.html | /tools/concrete/block-calculator.html | /tools/concrete/brick-calculator.html | /tools/concrete/","/tools/concrete/concrete-slab-calculator.html | /tools/concrete/","Informational","Medium","Done","2","5","how-many-yards-of-concrete-for-a-24x24-slab","worked example by thickness"
"6","sonotube concrete calculator how many bags","concrete","Blog","sonotube-calculator","/tools/concrete/sonotube-calculator.html","/tools/concrete/sonotube-calculator.html | /tools/concrete/block-calculator.html | /tools/concrete/brick-calculator.html | /tools/concrete/","/tools/concrete/sonotube-calculator.html | /tools/concrete/","Informational","Medium","Done","2","6","sonotube-concrete-calculator-how-many-bags","per post volume"
"7","rebar spacing for concrete slab","concrete","Blog","rebar-calculator","/tools/concrete/rebar-calculator.html","/tools/concrete/rebar-calculator.html | /tools/concrete/block-calculator.html | /tools/concrete/brick-calculator.html | /tools/concrete/","/tools/concrete/rebar-calculator.html | /tools/concrete/","Informational","Medium","Done","2","7","rebar-spacing-for-concrete-slab","grid spacing and laps"
"8","concrete weight per cubic foot","concrete","Blog","concrete-weight-calculator","/tools/concrete/concrete-weight-calculator.html","/tools/concrete/concrete-weight-calculator.html | /tools/concrete/block-calculator.html | /tools/concrete/brick-calculator.html | /tools/concrete/","/tools/concrete/concrete-weight-calculator.html | /tools/concrete/","Informational","Low","Done","2","8","concrete-weight-per-cubic-foot","lb per cf and psi context"
"9","cost to pour a concrete driveway 2026","concrete","Blog","concrete-driveway-calculator","/tools/concrete/concrete-driveway-calculator.html","/tools/concrete/concrete-driveway-calculator.html | /tools/concrete/block-calculator.html | /tools/concrete/brick-calculator.html | /tools/concrete/","/tools/concrete/concrete-driveway-calculator.html | /tools/concrete/","Commercial","High","Done","3","9","cost-to-pour-a-concrete-driveway-2026","per sq ft + total by region"
"10","stamped concrete cost per square foot","concrete","Blog","stamped-concrete-calculator","/tools/concrete/stamped-concrete-calculator.html","/tools/concrete/stamped-concrete-calculator.html | /tools/concrete/block-calculator.html | /tools/concrete/brick-calculator.html | /tools/concrete/","/tools/concrete/stamped-concrete-calculator.html | /tools/concrete/","Commercial","Medium","Done","3","10","stamped-concrete-cost-per-square-foot","vs plain pour"
"11","how to calculate concrete stairs","concrete","Blog","concrete-stairs-calculator","/tools/concrete/concrete-stairs-calculator.html","/tools/concrete/concrete-stairs-calculator.html | /tools/concrete/block-calculator.html | /tools/concrete/brick-calculator.html | /tools/concrete/","/tools/concrete/concrete-stairs-calculator.html | /tools/concrete/","Informational","Medium","Done","3","11","how-to-calculate-concrete-stairs","rise/run/treads"
"12","concrete block wall cost calculator","concrete","Blog","block-calculator","/tools/concrete/block-calculator.html","/tools/concrete/block-calculator.html | /tools/concrete/brick-calculator.html | /tools/concrete/concrete-column-calculator.html | /tools/concrete/","/tools/concrete/block-calculator.html | /tools/concrete/","Commercial","Medium","Done","3","12","concrete-block-wall-cost-calculator","per sq ft wall + mortar"
"13","how much concrete do i need for fence posts","concrete","Blog","concrete-footing-calculator","/tools/concrete/concrete-footing-calculator.html","/tools/concrete/concrete-footing-calculator.html | /tools/concrete/block-calculator.html | /tools/concrete/brick-calculator.html | /tools/concrete/","/tools/concrete/concrete-footing-calculator.html | /tools/concrete/","Informational","Medium","Planned","4","13","how-much-concrete-do-i-need-for-fence-posts","post hole volume"
"14","how much does a 4 inch concrete slab cost","concrete","Blog","concrete-slab-calculator","/tools/concrete/concrete-slab-calculator.html","/tools/concrete/concrete-slab-calculator.html | /tools/concrete/block-calculator.html | /tools/concrete/brick-calculator.html | /tools/concrete/","/tools/concrete/concrete-slab-calculator.html | /tools/concrete/","Commercial","Medium","Planned","4","14","how-much-does-a-4-inch-concrete-slab-cost","4 vs 6 inch comparison"
"15","concrete delivery cost per yard 2026","concrete","Blog","concrete-slab-calculator","/tools/concrete/concrete-slab-calculator.html","/tools/concrete/concrete-slab-calculator.html | /tools/concrete/block-calculator.html | /tools/concrete/brick-calculator.html | /tools/concrete/","/tools/concrete/concrete-slab-calculator.html | /tools/concrete/","Commercial","Low","Planned","4","15","concrete-delivery-cost-per-yard-2026","short-load fees"
"16","how to finish a concrete slab like a pro","concrete","Blog","concrete-slab-calculator","/tools/concrete/concrete-slab-calculator.html","/tools/concrete/concrete-slab-calculator.html | /tools/concrete/block-calculator.html | /tools/concrete/brick-calculator.html | /tools/concrete/","/tools/concrete/concrete-slab-calculator.html | /tools/concrete/","Informational","Low","Planned","4","16","how-to-finish-a-concrete-slab-like-a-pro","finishing steps"
"17","brick mortar calculator how many bags","concrete","Blog","mortar-calculator","/tools/concrete/mortar-calculator.html","/tools/concrete/mortar-calculator.html | /tools/concrete/block-calculator.html | /tools/concrete/brick-calculator.html | /tools/concrete/","/tools/concrete/mortar-calculator.html | /tools/concrete/","Informational","Low","Planned","5","17","brick-mortar-calculator-how-many-bags","80lb bags per area"
"18","concrete cure time before framing","concrete","Blog","concrete-slab-calculator","/tools/concrete/concrete-slab-calculator.html","/tools/concrete/concrete-slab-calculator.html | /tools/concrete/block-calculator.html | /tools/concrete/brick-calculator.html | /tools/concrete/","/tools/concrete/concrete-slab-calculator.html | /tools/concrete/","Informational","Low","Planned","5","18","concrete-cure-time-before-framing","7/28 day strength"
"19","how much does it cost to roof a 2000 sq ft house","roofing","Blog","roofing-calculator","/tools/roofing/roofing-calculator.html","/tools/roofing/roofing-calculator.html | /tools/roofing/metal-roof-calculator.html | /tools/roofing/roof-pitch-calculator.html | /tools/roofing/","/tools/roofing/roofing-calculator.html | /tools/roofing/","Commercial","High","Planned","5","19","how-much-does-it-cost-to-roof-a-2000-sq-ft-house","total estimate by material"
"20","how to calculate roof pitch multiplier","roofing","Blog","roof-pitch-calculator","/tools/roofing/roof-pitch-calculator.html","/tools/roofing/roof-pitch-calculator.html | /tools/roofing/metal-roof-calculator.html | /tools/roofing/roof-sheathing-calculator.html | /tools/roofing/","/tools/roofing/roof-pitch-calculator.html | /tools/roofing/","Informational","High","Planned","5","20","how-to-calculate-roof-pitch-multiplier","run/rise formula"
"21","how many squares of shingles for a 1500 sq ft roof","roofing","Blog","shingle-calculator","/tools/roofing/shingle-calculator.html","/tools/roofing/shingle-calculator.html | /tools/roofing/metal-roof-calculator.html | /tools/roofing/roof-pitch-calculator.html | /tools/roofing/","/tools/roofing/shingle-calculator.html | /tools/roofing/","Informational","High","Planned","6","21","how-many-squares-of-shingles-for-a-1500-sq-ft-roof","squares conversion"
"22","metal roof cost vs shingles 2026","roofing","Blog","metal-roof-calculator","/tools/roofing/metal-roof-calculator.html","/tools/roofing/metal-roof-calculator.html | /tools/roofing/roof-pitch-calculator.html | /tools/roofing/roof-sheathing-calculator.html | /tools/roofing/","/tools/roofing/metal-roof-calculator.html | /tools/roofing/","Commercial","High","Planned","6","22","metal-roof-cost-vs-shingles-2026","25-yr comparison"
"23","roof vent calculation per square foot","roofing","Blog","roof-vent-calculator","/tools/roofing/roof-vent-calculator.html","/tools/roofing/roof-vent-calculator.html | /tools/roofing/metal-roof-calculator.html | /tools/roofing/roof-pitch-calculator.html | /tools/roofing/","/tools/roofing/roof-vent-calculator.html | /tools/roofing/","Informational","Medium","Planned","6","23","roof-vent-calculation-per-square-foot","NFA net free area"
"24","how to calculate roof square footage","roofing","Blog","roofing-calculator","/tools/roofing/roofing-calculator.html","/tools/roofing/roofing-calculator.html | /tools/roofing/metal-roof-calculator.html | /tools/roofing/roof-pitch-calculator.html | /tools/roofing/","/tools/roofing/roofing-calculator.html | /tools/roofing/","Informational","High","Planned","6","24","how-to-calculate-roof-square-footage","measure from ground"
"25","architectural vs 3 tab shingle cost","roofing","Blog","shingle-calculator","/tools/roofing/shingle-calculator.html","/tools/roofing/shingle-calculator.html | /tools/roofing/metal-roof-calculator.html | /tools/roofing/roof-pitch-calculator.html | /tools/roofing/","/tools/roofing/shingle-calculator.html | /tools/roofing/","Commercial","Medium","Planned","7","25","architectural-vs-3-tab-shingle-cost","warranty/look"
"26","roof sheathing cost per sheet","roofing","Blog","roof-sheathing-calculator","/tools/roofing/roof-sheathing-calculator.html","/tools/roofing/roof-sheathing-calculator.html | /tools/roofing/metal-roof-calculator.html | /tools/roofing/roof-pitch-calculator.html | /tools/roofing/","/tools/roofing/roof-sheathing-calculator.html | /tools/roofing/","Commercial","Medium","Planned","7","26","roof-sheathing-cost-per-sheet","OSB vs plywood"
"27","how much does a roof cost per square","roofing","Blog","roofing-calculator","/tools/roofing/roofing-calculator.html","/tools/roofing/roofing-calculator.html | /tools/roofing/metal-roof-calculator.html | /tools/roofing/roof-pitch-calculator.html | /tools/roofing/","/tools/roofing/roofing-calculator.html | /tools/roofing/","Commercial","Medium","Planned","7","27","how-much-does-a-roof-cost-per-square","per square = 100 sf"
"28","roof replacement cost for 1200 sq ft house","roofing","Blog","roofing-calculator","/tools/roofing/roofing-calculator.html","/tools/roofing/roofing-calculator.html | /tools/roofing/metal-roof-calculator.html | /tools/roofing/roof-pitch-calculator.html | /tools/roofing/","/tools/roofing/roofing-calculator.html | /tools/roofing/","Commercial","Medium","Planned","7","28","roof-replacement-cost-for-1200-sq-ft-house","worked example"
"29","how many bundles of shingles per square","roofing","Blog","shingle-calculator","/tools/roofing/shingle-calculator.html","/tools/roofing/shingle-calculator.html | /tools/roofing/metal-roof-calculator.html | /tools/roofing/roof-pitch-calculator.html | /tools/roofing/","/tools/roofing/shingle-calculator.html | /tools/roofing/","Informational","Medium","Planned","8","29","how-many-bundles-of-shingles-per-square","3 bundles rule"
"30","metal roof cost per square foot 2026","roofing","Blog","metal-roof-calculator","/tools/roofing/metal-roof-calculator.html","/tools/roofing/metal-roof-calculator.html | /tools/roofing/roof-pitch-calculator.html | /tools/roofing/roof-sheathing-calculator.html | /tools/roofing/","/tools/roofing/metal-roof-calculator.html | /tools/roofing/","Commercial","Medium","Planned","8","30","metal-roof-cost-per-square-foot-2026","standing seam"
"31","asphalt shingle lifespan by brand","roofing","Blog","shingle-calculator","/tools/roofing/shingle-calculator.html","/tools/roofing/shingle-calculator.html | /tools/roofing/metal-roof-calculator.html | /tools/roofing/roof-pitch-calculator.html | /tools/roofing/","/tools/roofing/shingle-calculator.html | /tools/roofing/","Informational","Low","Planned","8","31","asphalt-shingle-lifespan-by-brand","20-30 yr"
"32","flat roof vs pitched roof cost","roofing","Blog","roofing-calculator","/tools/roofing/roofing-calculator.html","/tools/roofing/roofing-calculator.html | /tools/roofing/metal-roof-calculator.html | /tools/roofing/roof-pitch-calculator.html | /tools/roofing/","/tools/roofing/roofing-calculator.html | /tools/roofing/","Commercial","Medium","Planned","8","32","flat-roof-vs-pitched-roof-cost","membrane options"
"33","how to calculate roof truss span","roofing","Blog","roof-truss-calculator","/tools/roofing/roof-truss-calculator.html","/tools/roofing/roof-truss-calculator.html | /tools/roofing/metal-roof-calculator.html | /tools/roofing/roof-pitch-calculator.html | /tools/roofing/","/tools/roofing/roof-truss-calculator.html | /tools/roofing/","Informational","Low","Planned","9","33","how-to-calculate-roof-truss-span","spacing"
"34","skylight cost installed per window","roofing","Blog","skylight-calculator","/tools/roofing/skylight-calculator.html","/tools/roofing/skylight-calculator.html | /tools/roofing/metal-roof-calculator.html | /tools/roofing/roof-pitch-calculator.html | /tools/roofing/","/tools/roofing/skylight-calculator.html | /tools/roofing/","Commercial","Low","Planned","9","34","skylight-cost-installed-per-window","sizes"
"35","roof underlayment cost per square","roofing","Blog","roof-sheathing-calculator","/tools/roofing/roof-sheathing-calculator.html","/tools/roofing/roof-sheathing-calculator.html | /tools/roofing/metal-roof-calculator.html | /tools/roofing/roof-pitch-calculator.html | /tools/roofing/","/tools/roofing/roof-sheathing-calculator.html | /tools/roofing/","Commercial","Low","Planned","9","35","roof-underlayment-cost-per-square","felt vs synthetic"
"36","how much paint do i need for a 12x12 room","painting","Blog","paint-calculator","/tools/painting/paint-calculator.html","/tools/painting/paint-calculator.html | /tools/painting/exterior-paint-calculator.html | /tools/painting/painting-cost-calculator.html | /tools/painting/","/tools/painting/paint-calculator.html | /tools/painting/","Informational","High","Planned","9","36","how-much-paint-do-i-need-for-a-12x12-room","gallons with 2 coats"
"37","paint cost per square foot interior","painting","Blog","painting-cost-calculator","/tools/painting/painting-cost-calculator.html","/tools/painting/painting-cost-calculator.html | /tools/painting/exterior-paint-calculator.html | /tools/painting/paint-calculator.html | /tools/painting/","/tools/painting/painting-cost-calculator.html | /tools/painting/","Commercial","High","Planned","10","37","paint-cost-per-square-foot-interior","labor + material"
"38","how many gallons of primer for new drywall","painting","Blog","primer-calculator","/tools/painting/primer-calculator.html","/tools/painting/primer-calculator.html | /tools/painting/exterior-paint-calculator.html | /tools/painting/paint-calculator.html | /tools/painting/","/tools/painting/primer-calculator.html | /tools/painting/","Informational","High","Planned","10","38","how-many-gallons-of-primer-for-new-drywall","sq ft coverage"
"39","exterior paint calculator with doors and windows","painting","Blog","exterior-paint-calculator","/tools/painting/exterior-paint-calculator.html","/tools/painting/exterior-paint-calculator.html | /tools/painting/paint-calculator.html | /tools/painting/painting-cost-calculator.html | /tools/painting/","/tools/painting/exterior-paint-calculator.html | /tools/painting/","Informational","Medium","Planned","10","39","exterior-paint-calculator-with-doors-and-windows","subtract openings"
"40","cost to paint a house exterior 2026","painting","Blog","painting-cost-calculator","/tools/painting/painting-cost-calculator.html","/tools/painting/painting-cost-calculator.html | /tools/painting/exterior-paint-calculator.html | /tools/painting/paint-calculator.html | /tools/painting/","/tools/painting/painting-cost-calculator.html | /tools/painting/","Commercial","High","Planned","10","40","cost-to-paint-a-house-exterior-2026","per sq ft"
"41","how to calculate wallpaper rolls needed","painting","Blog","wallpaper-calculator","/tools/painting/wallpaper-calculator.html","/tools/painting/wallpaper-calculator.html | /tools/painting/exterior-paint-calculator.html | /tools/painting/paint-calculator.html | /tools/painting/","/tools/painting/wallpaper-calculator.html | /tools/painting/","Informational","Medium","Planned","11","41","how-to-calculate-wallpaper-rolls-needed","double roll"
"42","how much does it cost to paint a 10x10 room","painting","Blog","painting-cost-calculator","/tools/painting/painting-cost-calculator.html","/tools/painting/painting-cost-calculator.html | /tools/painting/exterior-paint-calculator.html | /tools/painting/paint-calculator.html | /tools/painting/","/tools/painting/painting-cost-calculator.html | /tools/painting/","Commercial","Medium","Planned","11","42","how-much-does-it-cost-to-paint-a-10x10-room","example"
"43","paint coverage per gallon square feet","painting","Blog","paint-calculator","/tools/painting/paint-calculator.html","/tools/painting/paint-calculator.html | /tools/painting/exterior-paint-calculator.html | /tools/painting/painting-cost-calculator.html | /tools/painting/","/tools/painting/paint-calculator.html | /tools/painting/","Informational","Medium","Planned","11","43","paint-coverage-per-gallon-square-feet","350-400 sf"
"44","how to estimate paint for ceilings","painting","Blog","paint-calculator","/tools/painting/paint-calculator.html","/tools/painting/paint-calculator.html | /tools/painting/exterior-paint-calculator.html | /tools/painting/painting-cost-calculator.html | /tools/painting/","/tools/painting/paint-calculator.html | /tools/painting/","Informational","Medium","Planned","11","44","how-to-estimate-paint-for-ceilings","ceiling area"
"45","how much to paint kitchen cabinets","painting","Blog","painting-cost-calculator","/tools/painting/painting-cost-calculator.html","/tools/painting/painting-cost-calculator.html | /tools/painting/exterior-paint-calculator.html | /tools/painting/paint-calculator.html | /tools/painting/","/tools/painting/painting-cost-calculator.html | /tools/painting/","Commercial","Medium","Planned","12","45","how-much-to-paint-kitchen-cabinets","per door/drawer"
"46","how to calculate paintable surface area","painting","Blog","paint-calculator","/tools/painting/paint-calculator.html","/tools/painting/paint-calculator.html | /tools/painting/exterior-paint-calculator.html | /tools/painting/painting-cost-calculator.html | /tools/painting/","/tools/painting/paint-calculator.html | /tools/painting/","Informational","Medium","Planned","12","46","how-to-calculate-paintable-surface-area","trim + walls"
"47","wood stain calculator how many gallons","painting","Blog","stain-calculator","/tools/painting/stain-calculator.html","/tools/painting/stain-calculator.html | /tools/painting/exterior-paint-calculator.html | /tools/painting/paint-calculator.html | /tools/painting/","/tools/painting/stain-calculator.html | /tools/painting/","Informational","Low","Planned","12","47","wood-stain-calculator-how-many-gallons","deck/fence"
"48","best paint roller for textured walls","painting","Blog","paint-calculator","/tools/painting/paint-calculator.html","/tools/painting/paint-calculator.html | /tools/painting/exterior-paint-calculator.html | /tools/painting/painting-cost-calculator.html | /tools/painting/","/tools/painting/paint-calculator.html | /tools/painting/","Informational","Low","Planned","12","48","best-paint-roller-for-textured-walls","nap length"
"49","cost to paint interior of 2000 sq ft house","painting","Blog","painting-cost-calculator","/tools/painting/painting-cost-calculator.html","/tools/painting/painting-cost-calculator.html | /tools/painting/exterior-paint-calculator.html | /tools/painting/paint-calculator.html | /tools/painting/","/tools/painting/painting-cost-calculator.html | /tools/painting/","Commercial","Medium","Planned","13","49","cost-to-paint-interior-of-2000-sq-ft-house","whole house"
"50","how many coats of paint for new drywall","painting","Blog","primer-calculator","/tools/painting/primer-calculator.html","/tools/painting/primer-calculator.html | /tools/painting/exterior-paint-calculator.html | /tools/painting/paint-calculator.html | /tools/painting/","/tools/painting/primer-calculator.html | /tools/painting/","Informational","Low","Planned","13","50","how-many-coats-of-paint-for-new-drywall","prime + 2"
"51","how many boxes of tile do i need","flooring","Blog","tile-calculator","/tools/flooring/tile-calculator.html","/tools/flooring/tile-calculator.html | /tools/flooring/carpet-calculator.html | /tools/flooring/floor-joist-calculator.html | /tools/flooring/","/tools/flooring/tile-calculator.html | /tools/flooring/","Informational","High","Planned","13","51","how-many-boxes-of-tile-do-i-need","sq ft per box"
"52","hardwood flooring cost per square foot installed","flooring","Blog","hardwood-calculator","/tools/flooring/hardwood-calculator.html","/tools/flooring/hardwood-calculator.html | /tools/flooring/carpet-calculator.html | /tools/flooring/floor-joist-calculator.html | /tools/flooring/","/tools/flooring/hardwood-calculator.html | /tools/flooring/","Commercial","High","Planned","13","52","hardwood-flooring-cost-per-square-foot-installed","material + install"
"53","laminate vs hardwood flooring cost","flooring","Blog","laminate-calculator","/tools/flooring/laminate-calculator.html","/tools/flooring/laminate-calculator.html | /tools/flooring/carpet-calculator.html | /tools/flooring/floor-joist-calculator.html | /tools/flooring/","/tools/flooring/laminate-calculator.html | /tools/flooring/","Commercial","High","Planned","14","53","laminate-vs-hardwood-flooring-cost","comparison"
"54","how much carpet do i need for a 12x12 room","flooring","Blog","carpet-calculator","/tools/flooring/carpet-calculator.html","/tools/flooring/carpet-calculator.html | /tools/flooring/floor-joist-calculator.html | /tools/flooring/hardwood-calculator.html | /tools/flooring/","/tools/flooring/carpet-calculator.html | /tools/flooring/","Informational","High","Planned","14","54","how-much-carpet-do-i-need-for-a-12x12-room","sq yd"
"55","vinyl plank flooring cost calculator","flooring","Blog","vinyl-flooring-calculator","/tools/flooring/vinyl-flooring-calculator.html","/tools/flooring/vinyl-flooring-calculator.html | /tools/flooring/carpet-calculator.html | /tools/flooring/floor-joist-calculator.html | /tools/flooring/","/tools/flooring/vinyl-flooring-calculator.html | /tools/flooring/","Commercial","Medium","Planned","14","55","vinyl-plank-flooring-cost-calculator","per sq ft"
"56","subfloor replacement cost per square foot","flooring","Blog","subfloor-calculator","/tools/flooring/subfloor-calculator.html","/tools/flooring/subfloor-calculator.html | /tools/flooring/carpet-calculator.html | /tools/flooring/floor-joist-calculator.html | /tools/flooring/","/tools/flooring/subfloor-calculator.html | /tools/flooring/","Commercial","Medium","Planned","14","56","subfloor-replacement-cost-per-square-foot","plywood"
"57","tile vs laminate bathroom flooring","flooring","Blog","tile-calculator","/tools/flooring/tile-calculator.html","/tools/flooring/tile-calculator.html | /tools/flooring/carpet-calculator.html | /tools/flooring/floor-joist-calculator.html | /tools/flooring/","/tools/flooring/tile-calculator.html | /tools/flooring/","Commercial","Medium","Planned","15","57","tile-vs-laminate-bathroom-flooring","wet areas"
"58","how to calculate flooring square footage with waste","flooring","Blog","tile-calculator","/tools/flooring/tile-calculator.html","/tools/flooring/tile-calculator.html | /tools/flooring/carpet-calculator.html | /tools/flooring/floor-joist-calculator.html | /tools/flooring/","/tools/flooring/tile-calculator.html | /tools/flooring/","Informational","High","Planned","15","58","how-to-calculate-flooring-square-footage-with-waste","10% waste"
"59","how much does it cost to refinish hardwood floors","flooring","Blog","hardwood-calculator","/tools/flooring/hardwood-calculator.html","/tools/flooring/hardwood-calculator.html | /tools/flooring/carpet-calculator.html | /tools/flooring/floor-joist-calculator.html | /tools/flooring/","/tools/flooring/hardwood-calculator.html | /tools/flooring/","Commercial","Medium","Planned","15","59","how-much-does-it-cost-to-refinish-hardwood-floors","per sq ft"
"60","tile installation cost per square foot","flooring","Blog","tile-calculator","/tools/flooring/tile-calculator.html","/tools/flooring/tile-calculator.html | /tools/flooring/carpet-calculator.html | /tools/flooring/floor-joist-calculator.html | /tools/flooring/","/tools/flooring/tile-calculator.html | /tools/flooring/","Commercial","Medium","Planned","15","60","tile-installation-cost-per-square-foot","thinset/grout"
"61","how to level a floor before tiling","flooring","Blog","subfloor-calculator","/tools/flooring/subfloor-calculator.html","/tools/flooring/subfloor-calculator.html | /tools/flooring/carpet-calculator.html | /tools/flooring/floor-joist-calculator.html | /tools/flooring/","/tools/flooring/subfloor-calculator.html | /tools/flooring/","Informational","Low","Planned","16","61","how-to-level-a-floor-before-tiling","self-leveling"
"62","engineered vs solid hardwood cost","flooring","Blog","hardwood-calculator","/tools/flooring/hardwood-calculator.html","/tools/flooring/hardwood-calculator.html | /tools/flooring/carpet-calculator.html | /tools/flooring/floor-joist-calculator.html | /tools/flooring/","/tools/flooring/hardwood-calculator.html | /tools/flooring/","Commercial","Medium","Planned","16","62","engineered-vs-solid-hardwood-cost","comparison"
"63","carpet padding cost per square yard","flooring","Blog","carpet-calculator","/tools/flooring/carpet-calculator.html","/tools/flooring/carpet-calculator.html | /tools/flooring/floor-joist-calculator.html | /tools/flooring/hardwood-calculator.html | /tools/flooring/","/tools/flooring/carpet-calculator.html | /tools/flooring/","Commercial","Low","Planned","16","63","carpet-padding-cost-per-square-yard","pad"
"64","how many square feet in a box of laminate","flooring","Blog","laminate-calculator","/tools/flooring/laminate-calculator.html","/tools/flooring/laminate-calculator.html | /tools/flooring/carpet-calculator.html | /tools/flooring/floor-joist-calculator.html | /tools/flooring/","/tools/flooring/laminate-calculator.html | /tools/flooring/","Informational","Low","Planned","16","64","how-many-square-feet-in-a-box-of-laminate","20-25 sf"
"65","linoleum flooring cost per square foot","flooring","Blog","linoleum-calculator","/tools/flooring/linoleum-calculator.html","/tools/flooring/linoleum-calculator.html | /tools/flooring/carpet-calculator.html | /tools/flooring/floor-joist-calculator.html | /tools/flooring/","/tools/flooring/linoleum-calculator.html | /tools/flooring/","Commercial","Low","Planned","17","65","linoleum-flooring-cost-per-square-foot","sheet/tile"
"66","floor joist sizing for 12 foot span","flooring","Blog","floor-joist-calculator","/tools/flooring/floor-joist-calculator.html","/tools/flooring/floor-joist-calculator.html | /tools/flooring/carpet-calculator.html | /tools/flooring/hardwood-calculator.html | /tools/flooring/","/tools/flooring/floor-joist-calculator.html | /tools/flooring/","Informational","Medium","Planned","17","66","floor-joist-sizing-for-12-foot-span","2x? span table"
"67","how much does it cost to install vinyl plank flooring","flooring","Blog","vinyl-flooring-calculator","/tools/flooring/vinyl-flooring-calculator.html","/tools/flooring/vinyl-flooring-calculator.html | /tools/flooring/carpet-calculator.html | /tools/flooring/floor-joist-calculator.html | /tools/flooring/","/tools/flooring/vinyl-flooring-calculator.html | /tools/flooring/","Commercial","Medium","Planned","17","67","how-much-does-it-cost-to-install-vinyl-plank-flooring","LVP"
"68","cost to install a wood fence per foot 2026","fencing","Blog","wood-fence-calculator","/tools/fencing/wood-fence-calculator.html","/tools/fencing/wood-fence-calculator.html | /tools/fencing/chain-link-calculator.html | /tools/fencing/fence-calculator.html | /tools/fencing/","/tools/fencing/wood-fence-calculator.html | /tools/fencing/","Commercial","High","Planned","17","68","cost-to-install-a-wood-fence-per-foot-2026","per linear ft"
"69","how many fence posts for 100 feet","fencing","Blog","post-spacing-calculator","/tools/fencing/post-spacing-calculator.html","/tools/fencing/post-spacing-calculator.html | /tools/fencing/chain-link-calculator.html | /tools/fencing/fence-calculator.html | /tools/fencing/","/tools/fencing/post-spacing-calculator.html | /tools/fencing/","Informational","High","Planned","18","69","how-many-fence-posts-for-100-feet","post count"
"70","vinyl fence vs wood fence cost comparison","fencing","Blog","vinyl-fence-calculator","/tools/fencing/vinyl-fence-calculator.html","/tools/fencing/vinyl-fence-calculator.html | /tools/fencing/chain-link-calculator.html | /tools/fencing/fence-calculator.html | /tools/fencing/","/tools/fencing/vinyl-fence-calculator.html | /tools/fencing/","Commercial","High","Planned","18","70","vinyl-fence-vs-wood-fence-cost-comparison","10-yr view"
"71","chain link fence cost per linear foot","fencing","Blog","chain-link-calculator","/tools/fencing/chain-link-calculator.html","/tools/fencing/chain-link-calculator.html | /tools/fencing/fence-calculator.html | /tools/fencing/gate-calculator.html | /tools/fencing/","/tools/fencing/chain-link-calculator.html | /tools/fencing/","Commercial","Medium","Planned","18","71","chain-link-fence-cost-per-linear-foot","galvanized"
"72","how much gravel under fence posts","fencing","Blog","post-spacing-calculator","/tools/fencing/post-spacing-calculator.html","/tools/fencing/post-spacing-calculator.html | /tools/fencing/chain-link-calculator.html | /tools/fencing/fence-calculator.html | /tools/fencing/","/tools/fencing/post-spacing-calculator.html | /tools/fencing/","Informational","Medium","Planned","18","72","how-much-gravel-under-fence-posts","drainage"
"73","fence gate framing calculator","fencing","Blog","gate-calculator","/tools/fencing/gate-calculator.html","/tools/fencing/gate-calculator.html | /tools/fencing/chain-link-calculator.html | /tools/fencing/fence-calculator.html | /tools/fencing/","/tools/fencing/gate-calculator.html | /tools/fencing/","Informational","Medium","Planned","19","73","fence-gate-framing-calculator","frame boards"
"74","how deep to set fence posts","fencing","Blog","post-spacing-calculator","/tools/fencing/post-spacing-calculator.html","/tools/fencing/post-spacing-calculator.html | /tools/fencing/chain-link-calculator.html | /tools/fencing/fence-calculator.html | /tools/fencing/","/tools/fencing/post-spacing-calculator.html | /tools/fencing/","Informational","High","Planned","19","74","how-deep-to-set-fence-posts","frost line"
"75","cost to replace a fence per foot","fencing","Blog","fence-calculator","/tools/fencing/fence-calculator.html","/tools/fencing/fence-calculator.html | /tools/fencing/chain-link-calculator.html | /tools/fencing/gate-calculator.html | /tools/fencing/","/tools/fencing/fence-calculator.html | /tools/fencing/","Commercial","Medium","Planned","19","75","cost-to-replace-a-fence-per-foot","removal + install"
"76","how many pickets for a wood fence","fencing","Blog","wood-fence-calculator","/tools/fencing/wood-fence-calculator.html","/tools/fencing/wood-fence-calculator.html | /tools/fencing/chain-link-calculator.html | /tools/fencing/fence-calculator.html | /tools/fencing/","/tools/fencing/wood-fence-calculator.html | /tools/fencing/","Informational","Medium","Planned","19","76","how-many-pickets-for-a-wood-fence","picket count"
"77","fence post spacing 8 ft rule","fencing","Blog","post-spacing-calculator","/tools/fencing/post-spacing-calculator.html","/tools/fencing/post-spacing-calculator.html | /tools/fencing/chain-link-calculator.html | /tools/fencing/fence-calculator.html | /tools/fencing/","/tools/fencing/post-spacing-calculator.html | /tools/fencing/","Informational","Medium","Planned","20","77","fence-post-spacing-8-ft-rule","spacing"
"78","wood fence stain cost per foot","fencing","Blog","wood-fence-calculator","/tools/fencing/wood-fence-calculator.html","/tools/fencing/wood-fence-calculator.html | /tools/fencing/chain-link-calculator.html | /tools/fencing/fence-calculator.html | /tools/fencing/","/tools/fencing/wood-fence-calculator.html | /tools/fencing/","Commercial","Low","Planned","20","78","wood-fence-stain-cost-per-foot","per ft"
"79","hog wire fence cost per foot","fencing","Blog","fence-calculator","/tools/fencing/fence-calculator.html","/tools/fencing/fence-calculator.html | /tools/fencing/chain-link-calculator.html | /tools/fencing/gate-calculator.html | /tools/fencing/","/tools/fencing/fence-calculator.html | /tools/fencing/","Commercial","Low","Planned","20","79","hog-wire-fence-cost-per-foot","modern"
"80","how many rails for a 6 foot fence","fencing","Blog","wood-fence-calculator","/tools/fencing/wood-fence-calculator.html","/tools/fencing/wood-fence-calculator.html | /tools/fencing/chain-link-calculator.html | /tools/fencing/fence-calculator.html | /tools/fencing/","/tools/fencing/wood-fence-calculator.html | /tools/fencing/","Informational","Low","Planned","20","80","how-many-rails-for-a-6-foot-fence","2-3 rails"
"81","vinyl fence cost per linear foot 2026","fencing","Blog","vinyl-fence-calculator","/tools/fencing/vinyl-fence-calculator.html","/tools/fencing/vinyl-fence-calculator.html | /tools/fencing/chain-link-calculator.html | /tools/fencing/fence-calculator.html | /tools/fencing/","/tools/fencing/vinyl-fence-calculator.html | /tools/fencing/","Commercial","Medium","Planned","21","81","vinyl-fence-cost-per-linear-foot-2026",""
"82","cost to install a fence gate per linear foot","fencing","Blog","gate-calculator","/tools/fencing/gate-calculator.html","/tools/fencing/gate-calculator.html | /tools/fencing/chain-link-calculator.html | /tools/fencing/fence-calculator.html | /tools/fencing/","/tools/fencing/gate-calculator.html | /tools/fencing/","Commercial","Low","Planned","21","82","cost-to-install-a-fence-gate-per-linear-foot",""
"83","cost to build a deck per square foot 2026","decking","Blog","deck-calculator","/tools/decking/deck-calculator.html","/tools/decking/deck-calculator.html | /tools/decking/deck-beam-calculator.html | /tools/decking/deck-joist-calculator.html | /tools/decking/","/tools/decking/deck-calculator.html | /tools/decking/","Commercial","High","Planned","21","83","cost-to-build-a-deck-per-square-foot-2026","composite/wood"
"84","how many deck boards for a 12x16 deck","decking","Blog","deck-calculator","/tools/decking/deck-calculator.html","/tools/decking/deck-calculator.html | /tools/decking/deck-beam-calculator.html | /tools/decking/deck-joist-calculator.html | /tools/decking/","/tools/decking/deck-calculator.html | /tools/decking/","Informational","High","Planned","21","84","how-many-deck-boards-for-a-12x16-deck","board count"
"85","deck railing spacing code requirements","decking","Blog","deck-railing-calculator","/tools/decking/deck-railing-calculator.html","/tools/decking/deck-railing-calculator.html | /tools/decking/deck-beam-calculator.html | /tools/decking/deck-calculator.html | /tools/decking/","/tools/decking/deck-railing-calculator.html | /tools/decking/","Informational","High","Planned","22","85","deck-railing-spacing-code-requirements","4-inch sphere"
"86","deck beam span calculator how to","decking","Blog","deck-beam-calculator","/tools/decking/deck-beam-calculator.html","/tools/decking/deck-beam-calculator.html | /tools/decking/deck-calculator.html | /tools/decking/deck-joist-calculator.html | /tools/decking/","/tools/decking/deck-beam-calculator.html | /tools/decking/","Informational","Medium","Planned","22","86","deck-beam-span-calculator-how-to","span tables"
"87","composite vs wood deck cost","decking","Blog","deck-calculator","/tools/decking/deck-calculator.html","/tools/decking/deck-calculator.html | /tools/decking/deck-beam-calculator.html | /tools/decking/deck-joist-calculator.html | /tools/decking/","/tools/decking/deck-calculator.html | /tools/decking/","Commercial","High","Planned","22","87","composite-vs-wood-deck-cost","25-yr view"
"88","deck joist spacing 16 vs 24","decking","Blog","deck-joist-calculator","/tools/decking/deck-joist-calculator.html","/tools/decking/deck-joist-calculator.html | /tools/decking/deck-beam-calculator.html | /tools/decking/deck-calculator.html | /tools/decking/","/tools/decking/deck-joist-calculator.html | /tools/decking/","Informational","Medium","Planned","22","88","deck-joist-spacing-16-vs-24","load"
"89","how much does a 12x12 deck cost","decking","Blog","deck-calculator","/tools/decking/deck-calculator.html","/tools/decking/deck-calculator.html | /tools/decking/deck-beam-calculator.html | /tools/decking/deck-joist-calculator.html | /tools/decking/","/tools/decking/deck-calculator.html | /tools/decking/","Commercial","Medium","Planned","23","89","how-much-does-a-12x12-deck-cost","example"
"90","deck stair stringer calculator","decking","Blog","deck-stair-calculator","/tools/decking/deck-stair-calculator.html","/tools/decking/deck-stair-calculator.html | /tools/decking/deck-beam-calculator.html | /tools/decking/deck-calculator.html | /tools/decking/","/tools/decking/deck-stair-calculator.html | /tools/decking/","Informational","Medium","Planned","23","90","deck-stair-stringer-calculator","rise/run"
"91","how to space deck posts","decking","Blog","deck-post-calculator","/tools/decking/deck-post-calculator.html","/tools/decking/deck-post-calculator.html | /tools/decking/deck-beam-calculator.html | /tools/decking/deck-calculator.html | /tools/decking/","/tools/decking/deck-post-calculator.html | /tools/decking/","Informational","Medium","Planned","23","91","how-to-space-deck-posts","8 ft"
"92","composite decking cost per square foot","decking","Blog","deck-calculator","/tools/decking/deck-calculator.html","/tools/decking/deck-calculator.html | /tools/decking/deck-beam-calculator.html | /tools/decking/deck-joist-calculator.html | /tools/decking/","/tools/decking/deck-calculator.html | /tools/decking/","Commercial","Medium","Planned","23","92","composite-decking-cost-per-square-foot",""
"93","deck footing size for a pergola","decking","Blog","deck-post-calculator","/tools/decking/deck-post-calculator.html","/tools/decking/deck-post-calculator.html | /tools/decking/deck-beam-calculator.html | /tools/decking/deck-calculator.html | /tools/decking/","/tools/decking/deck-post-calculator.html | /tools/decking/","Informational","Low","Planned","24","93","deck-footing-size-for-a-pergola",""
"94","pergola attached to deck cost","decking","Blog","deck-calculator","/tools/decking/deck-calculator.html","/tools/decking/deck-calculator.html | /tools/decking/deck-beam-calculator.html | /tools/decking/deck-joist-calculator.html | /tools/decking/","/tools/decking/deck-calculator.html | /tools/decking/","Commercial","Low","Planned","24","94","pergola-attached-to-deck-cost",""
"95","deck post spacing for 2x8 beam","decking","Blog","deck-post-calculator","/tools/decking/deck-post-calculator.html","/tools/decking/deck-post-calculator.html | /tools/decking/deck-beam-calculator.html | /tools/decking/deck-calculator.html | /tools/decking/","/tools/decking/deck-post-calculator.html | /tools/decking/","Informational","Low","Planned","24","95","deck-post-spacing-for-2x8-beam",""
"96","how many balusters for deck railing","decking","Blog","deck-railing-calculator","/tools/decking/deck-railing-calculator.html","/tools/decking/deck-railing-calculator.html | /tools/decking/deck-beam-calculator.html | /tools/decking/deck-calculator.html | /tools/decking/","/tools/decking/deck-railing-calculator.html | /tools/decking/","Informational","Medium","Planned","24","96","how-many-balusters-for-deck-railing",""
"97","cost to build a deck with roof","decking","Blog","deck-calculator","/tools/decking/deck-calculator.html","/tools/decking/deck-calculator.html | /tools/decking/deck-beam-calculator.html | /tools/decking/deck-joist-calculator.html | /tools/decking/","/tools/decking/deck-calculator.html | /tools/decking/","Commercial","Medium","Planned","25","97","cost-to-build-a-deck-with-roof",""
"98","how much insulation do i need for attic","insulation","Blog","insulation-calculator","/tools/insulation/insulation-calculator.html","/tools/insulation/insulation-calculator.html | /tools/insulation/blown-in-insulation-calculator.html | /tools/insulation/r-value-calculator.html | /tools/insulation/","/tools/insulation/insulation-calculator.html | /tools/insulation/","Informational","High","Planned","25","98","how-much-insulation-do-i-need-for-attic","sq ft"
"99","r value by climate zone map","insulation","Blog","r-value-calculator","/tools/insulation/r-value-calculator.html","/tools/insulation/r-value-calculator.html | /tools/insulation/blown-in-insulation-calculator.html | /tools/insulation/insulation-calculator.html | /tools/insulation/","/tools/insulation/r-value-calculator.html | /tools/insulation/","Informational","High","Planned","25","99","r-value-by-climate-zone-map","zones 1-8"
"100","blown in insulation cost per square foot","insulation","Blog","blown-in-insulation-calculator","/tools/insulation/blown-in-insulation-calculator.html","/tools/insulation/blown-in-insulation-calculator.html | /tools/insulation/insulation-calculator.html | /tools/insulation/r-value-calculator.html | /tools/insulation/","/tools/insulation/blown-in-insulation-calculator.html | /tools/insulation/","Commercial","Medium","Planned","25","100","blown-in-insulation-cost-per-square-foot",""
"101","vapor barrier under concrete slab","insulation","Blog","vapor-barrier-calculator","/tools/insulation/vapor-barrier-calculator.html","/tools/insulation/vapor-barrier-calculator.html | /tools/insulation/blown-in-insulation-calculator.html | /tools/insulation/insulation-calculator.html | /tools/insulation/","/tools/insulation/vapor-barrier-calculator.html | /tools/insulation/","Informational","Medium","Planned","26","101","vapor-barrier-under-concrete-slab","poly"
"102","how much attic insulation per square foot","insulation","Blog","insulation-calculator","/tools/insulation/insulation-calculator.html","/tools/insulation/insulation-calculator.html | /tools/insulation/blown-in-insulation-calculator.html | /tools/insulation/r-value-calculator.html | /tools/insulation/","/tools/insulation/insulation-calculator.html | /tools/insulation/","Commercial","Medium","Planned","26","102","how-much-attic-insulation-per-square-foot",""
"103","best r value for 2x6 walls","insulation","Blog","r-value-calculator","/tools/insulation/r-value-calculator.html","/tools/insulation/r-value-calculator.html | /tools/insulation/blown-in-insulation-calculator.html | /tools/insulation/insulation-calculator.html | /tools/insulation/","/tools/insulation/r-value-calculator.html | /tools/insulation/","Informational","Medium","Planned","26","103","best-r-value-for-2x6-walls",""
"104","blown in insulation coverage per bag","insulation","Blog","blown-in-insulation-calculator","/tools/insulation/blown-in-insulation-calculator.html","/tools/insulation/blown-in-insulation-calculator.html | /tools/insulation/insulation-calculator.html | /tools/insulation/r-value-calculator.html | /tools/insulation/","/tools/insulation/blown-in-insulation-calculator.html | /tools/insulation/","Informational","Low","Planned","26","104","blown-in-insulation-coverage-per-bag",""
"105","spray foam vs fiberglass cost per square foot","insulation","Blog","insulation-calculator","/tools/insulation/insulation-calculator.html","/tools/insulation/insulation-calculator.html | /tools/insulation/blown-in-insulation-calculator.html | /tools/insulation/r-value-calculator.html | /tools/insulation/","/tools/insulation/insulation-calculator.html | /tools/insulation/","Commercial","Medium","Planned","27","105","spray-foam-vs-fiberglass-cost-per-square-foot",""
"106","vapor barrier thickness for crawl space","insulation","Blog","vapor-barrier-calculator","/tools/insulation/vapor-barrier-calculator.html","/tools/insulation/vapor-barrier-calculator.html | /tools/insulation/blown-in-insulation-calculator.html | /tools/insulation/insulation-calculator.html | /tools/insulation/","/tools/insulation/vapor-barrier-calculator.html | /tools/insulation/","Informational","Low","Planned","27","106","vapor-barrier-thickness-for-crawl-space",""
"107","how many bales of insulation for a wall","insulation","Blog","insulation-calculator","/tools/insulation/insulation-calculator.html","/tools/insulation/insulation-calculator.html | /tools/insulation/blown-in-insulation-calculator.html | /tools/insulation/r-value-calculator.html | /tools/insulation/","/tools/insulation/insulation-calculator.html | /tools/insulation/","Informational","Low","Planned","27","107","how-many-bales-of-insulation-for-a-wall",""
"108","how much does it cost to soundproof a room per square foot","insulation","Blog","insulation-calculator","/tools/insulation/insulation-calculator.html","/tools/insulation/insulation-calculator.html | /tools/insulation/blown-in-insulation-calculator.html | /tools/insulation/r-value-calculator.html | /tools/insulation/","/tools/insulation/insulation-calculator.html | /tools/insulation/","Commercial","Low","Planned","27","108","how-much-does-it-cost-to-soundproof-a-room-per-square-foot",""
"109","how many sheets of drywall for a room","drywall","Blog","drywall-calculator","/tools/drywall/drywall-calculator.html","/tools/drywall/drywall-calculator.html | /tools/drywall/drywall-mud-calculator.html | /tools/drywall/drywall-tape-calculator.html | /tools/drywall/","/tools/drywall/drywall-calculator.html | /tools/drywall/","Informational","High","Planned","28","109","how-many-sheets-of-drywall-for-a-room","4x8/4x12"
"110","drywall mud and tape calculator","drywall","Blog","drywall-mud-calculator","/tools/drywall/drywall-mud-calculator.html","/tools/drywall/drywall-mud-calculator.html | /tools/drywall/drywall-calculator.html | /tools/drywall/drywall-tape-calculator.html | /tools/drywall/","/tools/drywall/drywall-mud-calculator.html | /tools/drywall/","Informational","Medium","Planned","28","110","drywall-mud-and-tape-calculator","per sq ft"
"111","cost to hang and finish drywall per sheet","drywall","Blog","drywall-calculator","/tools/drywall/drywall-calculator.html","/tools/drywall/drywall-calculator.html | /tools/drywall/drywall-mud-calculator.html | /tools/drywall/drywall-tape-calculator.html | /tools/drywall/","/tools/drywall/drywall-calculator.html | /tools/drywall/","Commercial","Medium","Planned","28","111","cost-to-hang-and-finish-drywall-per-sheet",""
"112","how much drywall mud per square foot","drywall","Blog","drywall-mud-calculator","/tools/drywall/drywall-mud-calculator.html","/tools/drywall/drywall-mud-calculator.html | /tools/drywall/drywall-calculator.html | /tools/drywall/drywall-tape-calculator.html | /tools/drywall/","/tools/drywall/drywall-mud-calculator.html | /tools/drywall/","Informational","Low","Planned","28","112","how-much-drywall-mud-per-square-foot",""
"113","how many feet of drywall tape per sheet","drywall","Blog","drywall-tape-calculator","/tools/drywall/drywall-tape-calculator.html","/tools/drywall/drywall-tape-calculator.html | /tools/drywall/drywall-calculator.html | /tools/drywall/drywall-mud-calculator.html | /tools/drywall/","/tools/drywall/drywall-tape-calculator.html | /tools/drywall/","Informational","Low","Planned","29","113","how-many-feet-of-drywall-tape-per-sheet",""
"114","drywall cost per square foot installed","drywall","Blog","drywall-calculator","/tools/drywall/drywall-calculator.html","/tools/drywall/drywall-calculator.html | /tools/drywall/drywall-mud-calculator.html | /tools/drywall/drywall-tape-calculator.html | /tools/drywall/","/tools/drywall/drywall-calculator.html | /tools/drywall/","Commercial","Medium","Planned","29","114","drywall-cost-per-square-foot-installed",""
"115","how to estimate drywall for a ceiling","drywall","Blog","drywall-calculator","/tools/drywall/drywall-calculator.html","/tools/drywall/drywall-calculator.html | /tools/drywall/drywall-mud-calculator.html | /tools/drywall/drywall-tape-calculator.html | /tools/drywall/","/tools/drywall/drywall-calculator.html | /tools/drywall/","Informational","Low","Planned","29","115","how-to-estimate-drywall-for-a-ceiling",""
"116","how to size a water line for a house","plumbing","Blog","pipe-size-calculator","/tools/plumbing/pipe-size-calculator.html","/tools/plumbing/pipe-size-calculator.html | /tools/plumbing/drain-pipe-calculator.html | /tools/plumbing/fixture-calculator.html | /tools/plumbing/","/tools/plumbing/pipe-size-calculator.html | /tools/plumbing/","Informational","High","Planned","29","116","how-to-size-a-water-line-for-a-house","main line"
"117","septic tank size for 3 bedroom house","plumbing","Blog","septic-tank-calculator","/tools/plumbing/septic-tank-calculator.html","/tools/plumbing/septic-tank-calculator.html | /tools/plumbing/drain-pipe-calculator.html | /tools/plumbing/fixture-calculator.html | /tools/plumbing/","/tools/plumbing/septic-tank-calculator.html | /tools/plumbing/","Informational","High","Planned","30","117","septic-tank-size-for-3-bedroom-house","gallons"
"118","drain pipe sizing for bathroom","plumbing","Blog","drain-pipe-calculator","/tools/plumbing/drain-pipe-calculator.html","/tools/plumbing/drain-pipe-calculator.html | /tools/plumbing/fixture-calculator.html | /tools/plumbing/pipe-size-calculator.html | /tools/plumbing/","/tools/plumbing/drain-pipe-calculator.html | /tools/plumbing/","Informational","Medium","Planned","30","118","drain-pipe-sizing-for-bathroom",""
"119","water flow rate gpm calculator","plumbing","Blog","water-flow-calculator","/tools/plumbing/water-flow-calculator.html","/tools/plumbing/water-flow-calculator.html | /tools/plumbing/drain-pipe-calculator.html | /tools/plumbing/fixture-calculator.html | /tools/plumbing/","/tools/plumbing/water-flow-calculator.html | /tools/plumbing/","Informational","Medium","Planned","30","119","water-flow-rate-gpm-calculator",""
"120","cost to repipe a house 2026","plumbing","Blog","pipe-size-calculator","/tools/plumbing/pipe-size-calculator.html","/tools/plumbing/pipe-size-calculator.html | /tools/plumbing/drain-pipe-calculator.html | /tools/plumbing/fixture-calculator.html | /tools/plumbing/","/tools/plumbing/pipe-size-calculator.html | /tools/plumbing/","Commercial","High","Planned","30","120","cost-to-repipe-a-house-2026","copper/pex"
"121","water heater size for family of 4","plumbing","Blog","water-heater-calculator","/tools/plumbing/water-heater-calculator.html","/tools/plumbing/water-heater-calculator.html | /tools/plumbing/drain-pipe-calculator.html | /tools/plumbing/fixture-calculator.html | /tools/plumbing/","/tools/plumbing/water-heater-calculator.html | /tools/plumbing/","Informational","Medium","Planned","31","121","water-heater-size-for-family-of-4",""
"122","how many fixtures on a 3/4 water line","plumbing","Blog","fixture-calculator","/tools/plumbing/fixture-calculator.html","/tools/plumbing/fixture-calculator.html | /tools/plumbing/drain-pipe-calculator.html | /tools/plumbing/pipe-size-calculator.html | /tools/plumbing/","/tools/plumbing/fixture-calculator.html | /tools/plumbing/","Informational","Medium","Planned","31","122","how-many-fixtures-on-a-3-4-water-line",""
"123","drain pipe slope per foot code","plumbing","Blog","drain-pipe-calculator","/tools/plumbing/drain-pipe-calculator.html","/tools/plumbing/drain-pipe-calculator.html | /tools/plumbing/fixture-calculator.html | /tools/plumbing/pipe-size-calculator.html | /tools/plumbing/","/tools/plumbing/drain-pipe-calculator.html | /tools/plumbing/","Informational","Medium","Planned","31","123","drain-pipe-slope-per-foot-code",""
"124","cost to replace a water heater 2026","plumbing","Blog","water-heater-calculator","/tools/plumbing/water-heater-calculator.html","/tools/plumbing/water-heater-calculator.html | /tools/plumbing/drain-pipe-calculator.html | /tools/plumbing/fixture-calculator.html | /tools/plumbing/","/tools/plumbing/water-heater-calculator.html | /tools/plumbing/","Commercial","Medium","Planned","31","124","cost-to-replace-a-water-heater-2026",""
"125","how to calculate water pressure loss","plumbing","Blog","water-flow-calculator","/tools/plumbing/water-flow-calculator.html","/tools/plumbing/water-flow-calculator.html | /tools/plumbing/drain-pipe-calculator.html | /tools/plumbing/fixture-calculator.html | /tools/plumbing/","/tools/plumbing/water-flow-calculator.html | /tools/plumbing/","Informational","Low","Planned","32","125","how-to-calculate-water-pressure-loss",""
"126","vinyl siding cost per square foot installed","siding","Blog","vinyl-siding-calculator","/tools/siding/vinyl-siding-calculator.html","/tools/siding/vinyl-siding-calculator.html | /tools/siding/brick-veneer-calculator.html | /tools/siding/gutter-calculator.html | /tools/siding/","/tools/siding/vinyl-siding-calculator.html | /tools/siding/","Commercial","High","Planned","32","126","vinyl-siding-cost-per-square-foot-installed",""
"127","how many squares of siding for a house","siding","Blog","siding-calculator","/tools/siding/siding-calculator.html","/tools/siding/siding-calculator.html | /tools/siding/brick-veneer-calculator.html | /tools/siding/gutter-calculator.html | /tools/siding/","/tools/siding/siding-calculator.html | /tools/siding/","Informational","High","Planned","32","127","how-many-squares-of-siding-for-a-house",""
"128","fiber cement vs vinyl siding cost","siding","Blog","siding-calculator","/tools/siding/siding-calculator.html","/tools/siding/siding-calculator.html | /tools/siding/brick-veneer-calculator.html | /tools/siding/gutter-calculator.html | /tools/siding/","/tools/siding/siding-calculator.html | /tools/siding/","Commercial","Medium","Planned","32","128","fiber-cement-vs-vinyl-siding-cost",""
"129","how to calculate siding square footage","siding","Blog","siding-calculator","/tools/siding/siding-calculator.html","/tools/siding/siding-calculator.html | /tools/siding/brick-veneer-calculator.html | /tools/siding/gutter-calculator.html | /tools/siding/","/tools/siding/siding-calculator.html | /tools/siding/","Informational","High","Planned","33","129","how-to-calculate-siding-square-footage",""
"130","gutter installation cost per linear foot","siding","Blog","gutter-calculator","/tools/siding/gutter-calculator.html","/tools/siding/gutter-calculator.html | /tools/siding/brick-veneer-calculator.html | /tools/siding/siding-calculator.html | /tools/siding/","/tools/siding/gutter-calculator.html | /tools/siding/","Commercial","Medium","Planned","33","130","gutter-installation-cost-per-linear-foot",""
"131","how to size gutters and downspouts","siding","Blog","gutter-calculator","/tools/siding/gutter-calculator.html","/tools/siding/gutter-calculator.html | /tools/siding/brick-veneer-calculator.html | /tools/siding/siding-calculator.html | /tools/siding/","/tools/siding/gutter-calculator.html | /tools/siding/","Informational","Medium","Planned","33","131","how-to-size-gutters-and-downspouts",""
"132","brick veneer cost per square foot","siding","Blog","brick-veneer-calculator","/tools/siding/brick-veneer-calculator.html","/tools/siding/brick-veneer-calculator.html | /tools/siding/gutter-calculator.html | /tools/siding/siding-calculator.html | /tools/siding/","/tools/siding/brick-veneer-calculator.html | /tools/siding/","Commercial","Low","Planned","33","132","brick-veneer-cost-per-square-foot",""
"133","stucco cost per square foot installed","siding","Blog","stucco-calculator","/tools/siding/stucco-calculator.html","/tools/siding/stucco-calculator.html | /tools/siding/brick-veneer-calculator.html | /tools/siding/gutter-calculator.html | /tools/siding/","/tools/siding/stucco-calculator.html | /tools/siding/","Commercial","Medium","Planned","34","133","stucco-cost-per-square-foot-installed",""
"134","how many gutter downspouts do i need","siding","Blog","gutter-calculator","/tools/siding/gutter-calculator.html","/tools/siding/gutter-calculator.html | /tools/siding/brick-veneer-calculator.html | /tools/siding/siding-calculator.html | /tools/siding/","/tools/siding/gutter-calculator.html | /tools/siding/","Informational","Medium","Planned","34","134","how-many-gutter-downspouts-do-i-need",""
"135","vinyl siding squares per box","siding","Blog","vinyl-siding-calculator","/tools/siding/vinyl-siding-calculator.html","/tools/siding/vinyl-siding-calculator.html | /tools/siding/brick-veneer-calculator.html | /tools/siding/gutter-calculator.html | /tools/siding/","/tools/siding/vinyl-siding-calculator.html | /tools/siding/","Informational","Low","Planned","34","135","vinyl-siding-squares-per-box",""
"136","how many btu per square foot cooling","hvac","Blog","btu-calculator","/tools/hvac/btu-calculator.html","/tools/hvac/btu-calculator.html | /tools/hvac/ac-tonnage-calculator.html | /tools/hvac/airflow-calculator.html | /tools/hvac/","/tools/hvac/btu-calculator.html | /tools/hvac/","Informational","High","Planned","34","136","how-many-btu-per-square-foot-cooling",""
"137","what size ac unit for 1500 sq ft house","hvac","Blog","ac-tonnage-calculator","/tools/hvac/ac-tonnage-calculator.html","/tools/hvac/ac-tonnage-calculator.html | /tools/hvac/airflow-calculator.html | /tools/hvac/btu-calculator.html | /tools/hvac/","/tools/hvac/ac-tonnage-calculator.html | /tools/hvac/","Informational","High","Planned","35","137","what-size-ac-unit-for-1500-sq-ft-house",""
"138","furnace sizing by square footage","hvac","Blog","furnace-size-calculator","/tools/hvac/furnace-size-calculator.html","/tools/hvac/furnace-size-calculator.html | /tools/hvac/ac-tonnage-calculator.html | /tools/hvac/airflow-calculator.html | /tools/hvac/","/tools/hvac/furnace-size-calculator.html | /tools/hvac/","Informational","Medium","Planned","35","138","furnace-sizing-by-square-footage",""
"139","hvac installation cost per square foot","hvac","Blog","hvac-cost-calculator","/tools/hvac/hvac-cost-calculator.html","/tools/hvac/hvac-cost-calculator.html | /tools/hvac/ac-tonnage-calculator.html | /tools/hvac/airflow-calculator.html | /tools/hvac/","/tools/hvac/hvac-cost-calculator.html | /tools/hvac/","Commercial","High","Planned","35","139","hvac-installation-cost-per-square-foot",""
"140","how to calculate duct size for hvac","hvac","Blog","duct-calculator","/tools/hvac/duct-calculator.html","/tools/hvac/duct-calculator.html | /tools/hvac/ac-tonnage-calculator.html | /tools/hvac/airflow-calculator.html | /tools/hvac/","/tools/hvac/duct-calculator.html | /tools/hvac/","Informational","Medium","Planned","35","140","how-to-calculate-duct-size-for-hvac",""
"141","how to calculate airflow cfm","hvac","Blog","airflow-calculator","/tools/hvac/airflow-calculator.html","/tools/hvac/airflow-calculator.html | /tools/hvac/ac-tonnage-calculator.html | /tools/hvac/btu-calculator.html | /tools/hvac/","/tools/hvac/airflow-calculator.html | /tools/hvac/","Informational","Medium","Planned","36","141","how-to-calculate-airflow-cfm",""
"142","ac tonnage per square foot rule","hvac","Blog","ac-tonnage-calculator","/tools/hvac/ac-tonnage-calculator.html","/tools/hvac/ac-tonnage-calculator.html | /tools/hvac/airflow-calculator.html | /tools/hvac/btu-calculator.html | /tools/hvac/","/tools/hvac/ac-tonnage-calculator.html | /tools/hvac/","Informational","Medium","Planned","36","142","ac-tonnage-per-square-foot-rule",""
"143","cost to replace hvac system 2026","hvac","Blog","hvac-cost-calculator","/tools/hvac/hvac-cost-calculator.html","/tools/hvac/hvac-cost-calculator.html | /tools/hvac/ac-tonnage-calculator.html | /tools/hvac/airflow-calculator.html | /tools/hvac/","/tools/hvac/hvac-cost-calculator.html | /tools/hvac/","Commercial","High","Planned","36","143","cost-to-replace-hvac-system-2026",""
"144","how many vents per room hvac","hvac","Blog","duct-calculator","/tools/hvac/duct-calculator.html","/tools/hvac/duct-calculator.html | /tools/hvac/ac-tonnage-calculator.html | /tools/hvac/airflow-calculator.html | /tools/hvac/","/tools/hvac/duct-calculator.html | /tools/hvac/","Informational","Low","Planned","36","144","how-many-vents-per-room-hvac",""
"145","furnace btu per square foot gas","hvac","Blog","furnace-size-calculator","/tools/hvac/furnace-size-calculator.html","/tools/hvac/furnace-size-calculator.html | /tools/hvac/ac-tonnage-calculator.html | /tools/hvac/airflow-calculator.html | /tools/hvac/","/tools/hvac/furnace-size-calculator.html | /tools/hvac/","Informational","Low","Planned","37","145","furnace-btu-per-square-foot-gas",""
"146","how to calculate countertop square footage","kitchen-bath","Blog","countertop-calculator","/tools/kitchen-bath/countertop-calculator.html","/tools/kitchen-bath/countertop-calculator.html | /tools/kitchen-bath/backsplash-calculator.html | /tools/kitchen-bath/bathroom-tile-calculator.html | /tools/kitchen-bath/","/tools/kitchen-bath/countertop-calculator.html | /tools/kitchen-bath/","Informational","High","Planned","37","146","how-to-calculate-countertop-square-footage",""
"147","quartz vs granite countertop cost","kitchen-bath","Blog","countertop-calculator","/tools/kitchen-bath/countertop-calculator.html","/tools/kitchen-bath/countertop-calculator.html | /tools/kitchen-bath/backsplash-calculator.html | /tools/kitchen-bath/bathroom-tile-calculator.html | /tools/kitchen-bath/","/tools/kitchen-bath/countertop-calculator.html | /tools/kitchen-bath/","Commercial","High","Planned","37","147","quartz-vs-granite-countertop-cost",""
"148","backsplash tile calculator square feet","kitchen-bath","Blog","backsplash-calculator","/tools/kitchen-bath/backsplash-calculator.html","/tools/kitchen-bath/backsplash-calculator.html | /tools/kitchen-bath/bathroom-tile-calculator.html | /tools/kitchen-bath/cabinet-calculator.html | /tools/kitchen-bath/","/tools/kitchen-bath/backsplash-calculator.html | /tools/kitchen-bath/","Informational","High","Planned","37","148","backsplash-tile-calculator-square-feet",""
"149","bathroom tile cost per square foot","kitchen-bath","Blog","bathroom-tile-calculator","/tools/kitchen-bath/bathroom-tile-calculator.html","/tools/kitchen-bath/bathroom-tile-calculator.html | /tools/kitchen-bath/backsplash-calculator.html | /tools/kitchen-bath/cabinet-calculator.html | /tools/kitchen-bath/","/tools/kitchen-bath/bathroom-tile-calculator.html | /tools/kitchen-bath/","Commercial","Medium","Planned","38","149","bathroom-tile-cost-per-square-foot",""
"150","kitchen remodel cost per square foot 2026","kitchen-bath","Blog","cabinet-calculator","/tools/kitchen-bath/cabinet-calculator.html","/tools/kitchen-bath/cabinet-calculator.html | /tools/kitchen-bath/backsplash-calculator.html | /tools/kitchen-bath/bathroom-tile-calculator.html | /tools/kitchen-bath/","/tools/kitchen-bath/cabinet-calculator.html | /tools/kitchen-bath/","Commercial","High","Planned","38","150","kitchen-remodel-cost-per-square-foot-2026",""
"151","bathroom remodel cost calculator","kitchen-bath","Blog","vanity-calculator","/tools/kitchen-bath/vanity-calculator.html","/tools/kitchen-bath/vanity-calculator.html | /tools/kitchen-bath/backsplash-calculator.html | /tools/kitchen-bath/bathroom-tile-calculator.html | /tools/kitchen-bath/","/tools/kitchen-bath/vanity-calculator.html | /tools/kitchen-bath/","Commercial","High","Planned","38","151","bathroom-remodel-cost-calculator",""
"152","how many subway tiles for backsplash","kitchen-bath","Blog","backsplash-calculator","/tools/kitchen-bath/backsplash-calculator.html","/tools/kitchen-bath/backsplash-calculator.html | /tools/kitchen-bath/bathroom-tile-calculator.html | /tools/kitchen-bath/cabinet-calculator.html | /tools/kitchen-bath/","/tools/kitchen-bath/backsplash-calculator.html | /tools/kitchen-bath/","Informational","Medium","Planned","38","152","how-many-subway-tiles-for-backsplash",""
"153","shower tile cost per square foot","kitchen-bath","Blog","shower-tile-calculator","/tools/kitchen-bath/shower-tile-calculator.html","/tools/kitchen-bath/shower-tile-calculator.html | /tools/kitchen-bath/backsplash-calculator.html | /tools/kitchen-bath/bathroom-tile-calculator.html | /tools/kitchen-bath/","/tools/kitchen-bath/shower-tile-calculator.html | /tools/kitchen-bath/","Commercial","Medium","Planned","39","153","shower-tile-cost-per-square-foot",""
"154","how to calculate kitchen cabinet square footage","kitchen-bath","Blog","cabinet-calculator","/tools/kitchen-bath/cabinet-calculator.html","/tools/kitchen-bath/cabinet-calculator.html | /tools/kitchen-bath/backsplash-calculator.html | /tools/kitchen-bath/bathroom-tile-calculator.html | /tools/kitchen-bath/","/tools/kitchen-bath/cabinet-calculator.html | /tools/kitchen-bath/","Informational","Medium","Planned","39","154","how-to-calculate-kitchen-cabinet-square-footage",""
"155","tub surround tile calculator","kitchen-bath","Blog","tub-surround-calculator","/tools/kitchen-bath/tub-surround-calculator.html","/tools/kitchen-bath/tub-surround-calculator.html | /tools/kitchen-bath/backsplash-calculator.html | /tools/kitchen-bath/bathroom-tile-calculator.html | /tools/kitchen-bath/","/tools/kitchen-bath/tub-surround-calculator.html | /tools/kitchen-bath/","Informational","Low","Planned","39","155","tub-surround-tile-calculator",""
"156","quartz countertop cost per square foot installed","kitchen-bath","Blog","countertop-calculator","/tools/kitchen-bath/countertop-calculator.html","/tools/kitchen-bath/countertop-calculator.html | /tools/kitchen-bath/backsplash-calculator.html | /tools/kitchen-bath/bathroom-tile-calculator.html | /tools/kitchen-bath/","/tools/kitchen-bath/countertop-calculator.html | /tools/kitchen-bath/","Commercial","Medium","Planned","39","156","quartz-countertop-cost-per-square-foot-installed",""
"157","vanity size for a 60 inch bathroom","kitchen-bath","Blog","vanity-calculator","/tools/kitchen-bath/vanity-calculator.html","/tools/kitchen-bath/vanity-calculator.html | /tools/kitchen-bath/backsplash-calculator.html | /tools/kitchen-bath/bathroom-tile-calculator.html | /tools/kitchen-bath/","/tools/kitchen-bath/vanity-calculator.html | /tools/kitchen-bath/","Informational","Low","Planned","40","157","vanity-size-for-a-60-inch-bathroom",""
"158","outdoor kitchen cost per linear foot","kitchen-bath","Blog","cabinet-calculator","/tools/kitchen-bath/cabinet-calculator.html","/tools/kitchen-bath/cabinet-calculator.html | /tools/kitchen-bath/backsplash-calculator.html | /tools/kitchen-bath/bathroom-tile-calculator.html | /tools/kitchen-bath/","/tools/kitchen-bath/cabinet-calculator.html | /tools/kitchen-bath/","Commercial","Low","Planned","40","158","outdoor-kitchen-cost-per-linear-foot",""
"159","cost to install wainscoting per square foot","kitchen-bath","Blog","cabinet-calculator","/tools/kitchen-bath/cabinet-calculator.html","/tools/kitchen-bath/cabinet-calculator.html | /tools/kitchen-bath/backsplash-calculator.html | /tools/kitchen-bath/bathroom-tile-calculator.html | /tools/kitchen-bath/","/tools/kitchen-bath/cabinet-calculator.html | /tools/kitchen-bath/","Commercial","Low","Planned","40","159","cost-to-install-wainscoting-per-square-foot",""
"160","cost to replace windows per window 2026","windows-doors","Blog","window-calculator","/tools/windows-doors/window-calculator.html","/tools/windows-doors/window-calculator.html | /tools/windows-doors/door-calculator.html | /tools/windows-doors/egress-window-calculator.html | /tools/windows-doors/","/tools/windows-doors/window-calculator.html | /tools/windows-doors/","Commercial","High","Planned","40","160","cost-to-replace-windows-per-window-2026",""
"161","how to measure for replacement windows","windows-doors","Blog","window-calculator","/tools/windows-doors/window-calculator.html","/tools/windows-doors/window-calculator.html | /tools/windows-doors/door-calculator.html | /tools/windows-doors/egress-window-calculator.html | /tools/windows-doors/","/tools/windows-doors/window-calculator.html | /tools/windows-doors/","Informational","High","Planned","41","161","how-to-measure-for-replacement-windows",""
"162","garage door size for 2 car","windows-doors","Blog","garage-door-calculator","/tools/windows-doors/garage-door-calculator.html","/tools/windows-doors/garage-door-calculator.html | /tools/windows-doors/door-calculator.html | /tools/windows-doors/egress-window-calculator.html | /tools/windows-doors/","/tools/windows-doors/garage-door-calculator.html | /tools/windows-doors/","Informational","Medium","Planned","41","162","garage-door-size-for-2-car",""
"163","front door installation cost","windows-doors","Blog","door-calculator","/tools/windows-doors/door-calculator.html","/tools/windows-doors/door-calculator.html | /tools/windows-doors/egress-window-calculator.html | /tools/windows-doors/garage-door-calculator.html | /tools/windows-doors/","/tools/windows-doors/door-calculator.html | /tools/windows-doors/","Commercial","Medium","Planned","41","163","front-door-installation-cost",""
"164","egress window size for basement bedroom","windows-doors","Blog","egress-window-calculator","/tools/windows-doors/egress-window-calculator.html","/tools/windows-doors/egress-window-calculator.html | /tools/windows-doors/door-calculator.html | /tools/windows-doors/garage-door-calculator.html | /tools/windows-doors/","/tools/windows-doors/egress-window-calculator.html | /tools/windows-doors/","Informational","Medium","Planned","41","164","egress-window-size-for-basement-bedroom",""
"165","how many windows in a 2000 sq ft house","windows-doors","Blog","window-calculator","/tools/windows-doors/window-calculator.html","/tools/windows-doors/window-calculator.html | /tools/windows-doors/door-calculator.html | /tools/windows-doors/egress-window-calculator.html | /tools/windows-doors/","/tools/windows-doors/window-calculator.html | /tools/windows-doors/","Informational","Low","Planned","42","165","how-many-windows-in-a-2000-sq-ft-house",""
"166","standard exterior door size inches","windows-doors","Blog","door-calculator","/tools/windows-doors/door-calculator.html","/tools/windows-doors/door-calculator.html | /tools/windows-doors/egress-window-calculator.html | /tools/windows-doors/garage-door-calculator.html | /tools/windows-doors/","/tools/windows-doors/door-calculator.html | /tools/windows-doors/","Informational","Low","Planned","42","166","standard-exterior-door-size-inches",""
"167","garage door opener cost installed","windows-doors","Blog","garage-door-calculator","/tools/windows-doors/garage-door-calculator.html","/tools/windows-doors/garage-door-calculator.html | /tools/windows-doors/door-calculator.html | /tools/windows-doors/egress-window-calculator.html | /tools/windows-doors/","/tools/windows-doors/garage-door-calculator.html | /tools/windows-doors/","Commercial","Low","Planned","42","167","garage-door-opener-cost-installed",""
"168","how many solar panels for a 2000 sq ft home","solar","Blog","solar-panel-calculator","/tools/solar/solar-panel-calculator.html","/tools/solar/solar-panel-calculator.html | /tools/solar/solar-cost-calculator.html | /tools/solar/","/tools/solar/solar-panel-calculator.html | /tools/solar/","Informational","High","Planned","42","168","how-many-solar-panels-for-a-2000-sq-ft-home",""
"169","solar panel cost per watt 2026","solar","Blog","solar-cost-calculator","/tools/solar/solar-cost-calculator.html","/tools/solar/solar-cost-calculator.html | /tools/solar/solar-panel-calculator.html | /tools/solar/","/tools/solar/solar-cost-calculator.html | /tools/solar/","Commercial","High","Planned","43","169","solar-panel-cost-per-watt-2026",""
"170","solar panel size for 1500 sq ft house","solar","Blog","solar-panel-calculator","/tools/solar/solar-panel-calculator.html","/tools/solar/solar-panel-calculator.html | /tools/solar/solar-cost-calculator.html | /tools/solar/","/tools/solar/solar-panel-calculator.html | /tools/solar/","Informational","Medium","Planned","43","170","solar-panel-size-for-1500-sq-ft-house",""
"171","how much does a 10kw solar system cost","solar","Blog","solar-cost-calculator","/tools/solar/solar-cost-calculator.html","/tools/solar/solar-cost-calculator.html | /tools/solar/solar-panel-calculator.html | /tools/solar/","/tools/solar/solar-cost-calculator.html | /tools/solar/","Commercial","Medium","Planned","43","171","how-much-does-a-10kw-solar-system-cost",""
"172","how many kWh does a solar panel produce per day","solar","Blog","solar-panel-calculator","/tools/solar/solar-panel-calculator.html","/tools/solar/solar-panel-calculator.html | /tools/solar/solar-cost-calculator.html | /tools/solar/","/tools/solar/solar-panel-calculator.html | /tools/solar/","Informational","Low","Planned","43","172","how-many-kwh-does-a-solar-panel-produce-per-day",""
"173","solar roi payback period by state","solar","Research","solar-cost-calculator","/tools/solar/solar-cost-calculator.html","/tools/solar/solar-cost-calculator.html | /tools/solar/solar-panel-calculator.html | /tools/solar/","/tools/solar/solar-cost-calculator.html | /tools/solar/","Commercial","High","Planned","44","173","solar-roi-payback-period-by-state","data report by state"
"174","how much concrete for a monolithic slab","foundation","Blog","foundation-calculator","/tools/foundation/foundation-calculator.html","/tools/foundation/foundation-calculator.html | /tools/foundation/basement-calculator.html | /tools/foundation/","/tools/foundation/foundation-calculator.html | /tools/foundation/","Informational","Medium","Planned","44","174","how-much-concrete-for-a-monolithic-slab",""
"175","basement wall concrete cost calculator","foundation","Blog","basement-calculator","/tools/foundation/basement-calculator.html","/tools/foundation/basement-calculator.html | /tools/foundation/foundation-calculator.html | /tools/foundation/","/tools/foundation/basement-calculator.html | /tools/foundation/","Commercial","Medium","Planned","44","175","basement-wall-concrete-cost-calculator",""
"176","foundation cost per square foot 2026","foundation","Blog","foundation-calculator","/tools/foundation/foundation-calculator.html","/tools/foundation/foundation-calculator.html | /tools/foundation/basement-calculator.html | /tools/foundation/","/tools/foundation/foundation-calculator.html | /tools/foundation/","Commercial","High","Planned","44","176","foundation-cost-per-square-foot-2026",""
"177","how thick should a basement wall be","foundation","Blog","basement-calculator","/tools/foundation/basement-calculator.html","/tools/foundation/basement-calculator.html | /tools/foundation/foundation-calculator.html | /tools/foundation/","/tools/foundation/basement-calculator.html | /tools/foundation/","Informational","Low","Planned","45","177","how-thick-should-a-basement-wall-be",""
"178","crawl space vs basement cost","foundation","Blog","basement-calculator","/tools/foundation/basement-calculator.html","/tools/foundation/basement-calculator.html | /tools/foundation/foundation-calculator.html | /tools/foundation/","/tools/foundation/basement-calculator.html | /tools/foundation/","Commercial","Low","Planned","45","178","crawl-space-vs-basement-cost",""
"179","cost to finish a basement per square foot","foundation","Blog","basement-calculator","/tools/foundation/basement-calculator.html","/tools/foundation/basement-calculator.html | /tools/foundation/foundation-calculator.html | /tools/foundation/","/tools/foundation/basement-calculator.html | /tools/foundation/","Commercial","High","Planned","45","179","cost-to-finish-a-basement-per-square-foot",""
"180","basement finishing cost calculator","foundation","Blog","basement-calculator","/tools/foundation/basement-calculator.html","/tools/foundation/basement-calculator.html | /tools/foundation/foundation-calculator.html | /tools/foundation/","/tools/foundation/basement-calculator.html | /tools/foundation/","Commercial","Medium","Planned","45","180","basement-finishing-cost-calculator",""
"181","cost to build a garage per square foot 2026","garage","Blog","garage-cost-calculator","/tools/garage/garage-cost-calculator.html","/tools/garage/garage-cost-calculator.html | /tools/garage/garage-slab-calculator.html | /tools/garage/","/tools/garage/garage-cost-calculator.html | /tools/garage/","Commercial","High","Planned","46","181","cost-to-build-a-garage-per-square-foot-2026",""
"182","garage slab thickness for 2 cars","garage","Blog","garage-slab-calculator","/tools/garage/garage-slab-calculator.html","/tools/garage/garage-slab-calculator.html | /tools/garage/garage-cost-calculator.html | /tools/garage/","/tools/garage/garage-slab-calculator.html | /tools/garage/","Informational","Medium","Planned","46","182","garage-slab-thickness-for-2-cars",""
"183","how much does a 24x24 garage slab cost","garage","Blog","garage-slab-calculator","/tools/garage/garage-slab-calculator.html","/tools/garage/garage-slab-calculator.html | /tools/garage/garage-cost-calculator.html | /tools/garage/","/tools/garage/garage-slab-calculator.html | /tools/garage/","Commercial","Medium","Planned","46","183","how-much-does-a-24x24-garage-slab-cost",""
"184","detached vs attached garage cost","garage","Blog","garage-cost-calculator","/tools/garage/garage-cost-calculator.html","/tools/garage/garage-cost-calculator.html | /tools/garage/garage-slab-calculator.html | /tools/garage/","/tools/garage/garage-cost-calculator.html | /tools/garage/","Commercial","Low","Planned","46","184","detached-vs-attached-garage-cost",""
"185","how to calculate stairs for a deck","stairs","Blog","wood-stair-calculator","/tools/stairs/wood-stair-calculator.html","/tools/stairs/wood-stair-calculator.html | /tools/stairs/","/tools/stairs/wood-stair-calculator.html | /tools/stairs/","Informational","Medium","Planned","47","185","how-to-calculate-stairs-for-a-deck",""
"186","stair rise and run code requirements","stairs","Blog","wood-stair-calculator","/tools/stairs/wood-stair-calculator.html","/tools/stairs/wood-stair-calculator.html | /tools/stairs/","/tools/stairs/wood-stair-calculator.html | /tools/stairs/","Informational","Medium","Planned","47","186","stair-rise-and-run-code-requirements",""
"187","how many steps for a 10 foot rise","stairs","Blog","wood-stair-calculator","/tools/stairs/wood-stair-calculator.html","/tools/stairs/wood-stair-calculator.html | /tools/stairs/","/tools/stairs/wood-stair-calculator.html | /tools/stairs/","Informational","Low","Planned","47","187","how-many-steps-for-a-10-foot-rise",""
"188","standard stair width residential code","stairs","Blog","wood-stair-calculator","/tools/stairs/wood-stair-calculator.html","/tools/stairs/wood-stair-calculator.html | /tools/stairs/","/tools/stairs/wood-stair-calculator.html | /tools/stairs/","Informational","Low","Planned","47","188","standard-stair-width-residential-code",""
"189","asphalt driveway cost per square foot 2026","paving","Blog","asphalt-driveway-calculator","/tools/paving/asphalt-driveway-calculator.html","/tools/paving/asphalt-driveway-calculator.html | /tools/paving/","/tools/paving/asphalt-driveway-calculator.html | /tools/paving/","Commercial","High","Planned","48","189","asphalt-driveway-cost-per-square-foot-2026",""
"190","how many tons of asphalt for a driveway","paving","Blog","asphalt-driveway-calculator","/tools/paving/asphalt-driveway-calculator.html","/tools/paving/asphalt-driveway-calculator.html | /tools/paving/","/tools/paving/asphalt-driveway-calculator.html | /tools/paving/","Informational","Medium","Planned","48","190","how-many-tons-of-asphalt-for-a-driveway",""
"191","gravel vs asphalt driveway cost","paving","Blog","asphalt-driveway-calculator","/tools/paving/asphalt-driveway-calculator.html","/tools/paving/asphalt-driveway-calculator.html | /tools/paving/","/tools/paving/asphalt-driveway-calculator.html | /tools/paving/","Commercial","Medium","Planned","48","191","gravel-vs-asphalt-driveway-cost",""
"192","how thick should an asphalt driveway be","paving","Blog","asphalt-driveway-calculator","/tools/paving/asphalt-driveway-calculator.html","/tools/paving/asphalt-driveway-calculator.html | /tools/paving/","/tools/paving/asphalt-driveway-calculator.html | /tools/paving/","Informational","Low","Planned","48","192","how-thick-should-an-asphalt-driveway-be",""
"193","home renovation cost per square foot by room","remodeling","Blog","home-renovation-cost-calculator","/tools/remodeling/home-renovation-cost-calculator.html","/tools/remodeling/home-renovation-cost-calculator.html | /tools/remodeling/","/tools/remodeling/home-renovation-cost-calculator.html | /tools/remodeling/","Commercial","High","Planned","49","193","home-renovation-cost-per-square-foot-by-room",""
"194","cost to gut and remodel a house 2026","remodeling","Blog","home-renovation-cost-calculator","/tools/remodeling/home-renovation-cost-calculator.html","/tools/remodeling/home-renovation-cost-calculator.html | /tools/remodeling/","/tools/remodeling/home-renovation-cost-calculator.html | /tools/remodeling/","Commercial","Medium","Planned","49","194","cost-to-gut-and-remodel-a-house-2026",""
"195","kitchen vs bathroom remodel cost comparison","remodeling","Blog","home-renovation-cost-calculator","/tools/remodeling/home-renovation-cost-calculator.html","/tools/remodeling/home-renovation-cost-calculator.html | /tools/remodeling/","/tools/remodeling/home-renovation-cost-calculator.html | /tools/remodeling/","Commercial","Medium","Planned","49","195","kitchen-vs-bathroom-remodel-cost-comparison",""
"196","whole house remodel cost calculator","remodeling","Blog","home-renovation-cost-calculator","/tools/remodeling/home-renovation-cost-calculator.html","/tools/remodeling/home-renovation-cost-calculator.html | /tools/remodeling/","/tools/remodeling/home-renovation-cost-calculator.html | /tools/remodeling/","Commercial","Medium","Planned","49","196","whole-house-remodel-cost-calculator",""
"197","cost to build a house per square foot 2026","remodeling","Blog","home-renovation-cost-calculator","/tools/remodeling/home-renovation-cost-calculator.html","/tools/remodeling/home-renovation-cost-calculator.html | /tools/remodeling/","/tools/remodeling/home-renovation-cost-calculator.html | /tools/remodeling/","Commercial","High","Planned","50","197","cost-to-build-a-house-per-square-foot-2026",""
"198","diy vs hiring a contractor cost savings","remodeling","Blog","home-renovation-cost-calculator","/tools/remodeling/home-renovation-cost-calculator.html","/tools/remodeling/home-renovation-cost-calculator.html | /tools/remodeling/","/tools/remodeling/home-renovation-cost-calculator.html | /tools/remodeling/","Informational","Medium","Planned","50","198","diy-vs-hiring-a-contractor-cost-savings",""
"199","home addition cost per square foot 2026","remodeling","Blog","home-renovation-cost-calculator","/tools/remodeling/home-renovation-cost-calculator.html","/tools/remodeling/home-renovation-cost-calculator.html | /tools/remodeling/","/tools/remodeling/home-renovation-cost-calculator.html | /tools/remodeling/","Commercial","High","Planned","50","199","home-addition-cost-per-square-foot-2026",""
"200","how to budget for a home renovation","remodeling","Blog","home-renovation-cost-calculator","/tools/remodeling/home-renovation-cost-calculator.html","/tools/remodeling/home-renovation-cost-calculator.html | /tools/remodeling/","/tools/remodeling/home-renovation-cost-calculator.html | /tools/remodeling/","Informational","Medium","Planned","50","200","how-to-budget-for-a-home-renovation",""
"201","building permit cost for home addition","remodeling","Blog","home-renovation-cost-calculator","/tools/remodeling/home-renovation-cost-calculator.html","/tools/remodeling/home-renovation-cost-calculator.html | /tools/remodeling/","/tools/remodeling/home-renovation-cost-calculator.html | /tools/remodeling/","Informational","Low","Planned","51","201","building-permit-cost-for-home-addition",""
"202","cost to demolish a house per square foot","remodeling","Blog","home-renovation-cost-calculator","/tools/remodeling/home-renovation-cost-calculator.html","/tools/remodeling/home-renovation-cost-calculator.html | /tools/remodeling/","/tools/remodeling/home-renovation-cost-calculator.html | /tools/remodeling/","Commercial","Low","Planned","51","202","cost-to-demolish-a-house-per-square-foot",""
"203","best time of year to remodel a house","remodeling","Blog","home-renovation-cost-calculator","/tools/remodeling/home-renovation-cost-calculator.html","/tools/remodeling/home-renovation-cost-calculator.html | /tools/remodeling/","/tools/remodeling/home-renovation-cost-calculator.html | /tools/remodeling/","Informational","Low","Planned","51","203","best-time-of-year-to-remodel-a-house",""
"204","average cost of home improvements by category","remodeling","Research","home-renovation-cost-calculator","/tools/remodeling/home-renovation-cost-calculator.html","/tools/remodeling/home-renovation-cost-calculator.html | /tools/remodeling/","/tools/remodeling/home-renovation-cost-calculator.html | /tools/remodeling/","Commercial","Medium","Planned","51","204","average-cost-of-home-improvements-by-category","data report"
"205","construction cost index 2026 forecast","remodeling","Research","home-renovation-cost-calculator","/tools/remodeling/home-renovation-cost-calculator.html","/tools/remodeling/home-renovation-cost-calculator.html | /tools/remodeling/","/tools/remodeling/home-renovation-cost-calculator.html | /tools/remodeling/","Commercial","Medium","Planned","52","205","construction-cost-index-2026-forecast","data report"
"206","cost to regrade a yard","landscaping","Blog","drainage-calculator","/tools/landscaping/drainage-calculator.html","/tools/landscaping/drainage-calculator.html | /tools/landscaping/edging-calculator.html | /tools/landscaping/gravel-calculator.html | /tools/landscaping/","/tools/landscaping/drainage-calculator.html | /tools/landscaping/","Commercial","Low","Planned","52","206","cost-to-regrade-a-yard",""
"207","cost to install a sprinkler system per zone","landscaping","Blog","drainage-calculator","/tools/landscaping/drainage-calculator.html","/tools/landscaping/drainage-calculator.html | /tools/landscaping/edging-calculator.html | /tools/landscaping/gravel-calculator.html | /tools/landscaping/","/tools/landscaping/drainage-calculator.html | /tools/landscaping/","Commercial","Low","Planned","52","207","cost-to-install-a-sprinkler-system-per-zone",""
"208","what size wire for 100 amp service","electrical","Blog","wire-gauge-calculator","/tools/electrical/wire-gauge-calculator.html","/tools/electrical/wire-gauge-calculator.html | /tools/electrical/amp-calculator.html | /tools/electrical/circuit-load-calculator.html | /tools/electrical/","/tools/electrical/wire-gauge-calculator.html | /tools/electrical/","Informational","High","Planned","52","208","what-size-wire-for-100-amp-service","AWG table"
"209","how to calculate voltage drop for long runs","electrical","Blog","voltage-drop-calculator","/tools/electrical/voltage-drop-calculator.html","/tools/electrical/voltage-drop-calculator.html | /tools/electrical/amp-calculator.html | /tools/electrical/circuit-load-calculator.html | /tools/electrical/","/tools/electrical/voltage-drop-calculator.html | /tools/electrical/","Informational","High","Planned","53","209","how-to-calculate-voltage-drop-for-long-runs","NEC 3% rule"
"210","circuit load calculator for garage","electrical","Blog","circuit-load-calculator","/tools/electrical/circuit-load-calculator.html","/tools/electrical/circuit-load-calculator.html | /tools/electrical/amp-calculator.html | /tools/electrical/conduit-fill-calculator.html | /tools/electrical/","/tools/electrical/circuit-load-calculator.html | /tools/electrical/","Informational","Medium","Planned","53","210","circuit-load-calculator-for-garage",""
"211","what size breaker for a 2000 watt heater","electrical","Blog","amp-calculator","/tools/electrical/amp-calculator.html","/tools/electrical/amp-calculator.html | /tools/electrical/circuit-load-calculator.html | /tools/electrical/conduit-fill-calculator.html | /tools/electrical/","/tools/electrical/amp-calculator.html | /tools/electrical/","Informational","Medium","Planned","53","211","what-size-breaker-for-a-2000-watt-heater",""
"212","conduit fill calculation nec","electrical","Blog","conduit-fill-calculator","/tools/electrical/conduit-fill-calculator.html","/tools/electrical/conduit-fill-calculator.html | /tools/electrical/amp-calculator.html | /tools/electrical/circuit-load-calculator.html | /tools/electrical/","/tools/electrical/conduit-fill-calculator.html | /tools/electrical/","Informational","Medium","Planned","53","212","conduit-fill-calculation-nec","53/31/40%"
"213","how many recessed lights per room","electrical","Blog","lighting-calculator","/tools/electrical/lighting-calculator.html","/tools/electrical/lighting-calculator.html | /tools/electrical/amp-calculator.html | /tools/electrical/circuit-load-calculator.html | /tools/electrical/","/tools/electrical/lighting-calculator.html | /tools/electrical/","Informational","Medium","Planned","54","213","how-many-recessed-lights-per-room",""
"214","amp to watt conversion 120v","electrical","Blog","wattage-calculator","/tools/electrical/wattage-calculator.html","/tools/electrical/wattage-calculator.html | /tools/electrical/amp-calculator.html | /tools/electrical/circuit-load-calculator.html | /tools/electrical/","/tools/electrical/wattage-calculator.html | /tools/electrical/","Informational","Low","Planned","54","214","amp-to-watt-conversion-120v",""
"215","wire size for 60 amp subpanel","electrical","Blog","wire-gauge-calculator","/tools/electrical/wire-gauge-calculator.html","/tools/electrical/wire-gauge-calculator.html | /tools/electrical/amp-calculator.html | /tools/electrical/circuit-load-calculator.html | /tools/electrical/","/tools/electrical/wire-gauge-calculator.html | /tools/electrical/","Informational","Medium","Planned","54","215","wire-size-for-60-amp-subpanel",""
"216","cost to rewire a house per square foot 2026","electrical","Blog","circuit-load-calculator","/tools/electrical/circuit-load-calculator.html","/tools/electrical/circuit-load-calculator.html | /tools/electrical/amp-calculator.html | /tools/electrical/conduit-fill-calculator.html | /tools/electrical/","/tools/electrical/circuit-load-calculator.html | /tools/electrical/","Commercial","High","Planned","54","216","cost-to-rewire-a-house-per-square-foot-2026",""
"217","how many watts does a room need for lighting","electrical","Blog","lighting-calculator","/tools/electrical/lighting-calculator.html","/tools/electrical/lighting-calculator.html | /tools/electrical/amp-calculator.html | /tools/electrical/circuit-load-calculator.html | /tools/electrical/","/tools/electrical/lighting-calculator.html | /tools/electrical/","Informational","Low","Planned","55","217","how-many-watts-does-a-room-need-for-lighting",""
"218","how many studs for a 20 foot wall","framing","Blog","stud-calculator","/tools/framing/stud-calculator.html","/tools/framing/stud-calculator.html | /tools/framing/beam-calculator.html | /tools/framing/header-calculator.html | /tools/framing/","/tools/framing/stud-calculator.html | /tools/framing/","Informational","High","Planned","55","218","how-many-studs-for-a-20-foot-wall","16/24 oc"
"219","header size for a 6 foot opening","framing","Blog","header-calculator","/tools/framing/header-calculator.html","/tools/framing/header-calculator.html | /tools/framing/beam-calculator.html | /tools/framing/rafter-calculator.html | /tools/framing/","/tools/framing/header-calculator.html | /tools/framing/","Informational","Medium","Planned","55","219","header-size-for-a-6-foot-opening",""
"220","how to calculate rafter length","framing","Blog","rafter-calculator","/tools/framing/rafter-calculator.html","/tools/framing/rafter-calculator.html | /tools/framing/beam-calculator.html | /tools/framing/header-calculator.html | /tools/framing/","/tools/framing/rafter-calculator.html | /tools/framing/","Informational","High","Planned","55","220","how-to-calculate-rafter-length",""
"221","wall sheathing cost per sheet osb","framing","Blog","sheathing-calculator","/tools/framing/sheathing-calculator.html","/tools/framing/sheathing-calculator.html | /tools/framing/beam-calculator.html | /tools/framing/header-calculator.html | /tools/framing/","/tools/framing/sheathing-calculator.html | /tools/framing/","Commercial","Medium","Planned","56","221","wall-sheathing-cost-per-sheet-osb",""
"222","floor joist span for 2x10","framing","Blog","beam-calculator","/tools/framing/beam-calculator.html","/tools/framing/beam-calculator.html | /tools/framing/header-calculator.html | /tools/framing/rafter-calculator.html | /tools/framing/","/tools/framing/beam-calculator.html | /tools/framing/","Informational","Medium","Planned","56","222","floor-joist-span-for-2x10",""
"223","how many jack studs for a header","framing","Blog","header-calculator","/tools/framing/header-calculator.html","/tools/framing/header-calculator.html | /tools/framing/beam-calculator.html | /tools/framing/rafter-calculator.html | /tools/framing/","/tools/framing/header-calculator.html | /tools/framing/","Informational","Low","Planned","56","223","how-many-jack-studs-for-a-header",""
"224","cost to frame a house per square foot 2026","framing","Blog","stud-calculator","/tools/framing/stud-calculator.html","/tools/framing/stud-calculator.html | /tools/framing/beam-calculator.html | /tools/framing/header-calculator.html | /tools/framing/","/tools/framing/stud-calculator.html | /tools/framing/","Commercial","High","Planned","56","224","cost-to-frame-a-house-per-square-foot-2026",""
"225","rafter spacing 16 vs 24 inches","framing","Blog","rafter-calculator","/tools/framing/rafter-calculator.html","/tools/framing/rafter-calculator.html | /tools/framing/beam-calculator.html | /tools/framing/header-calculator.html | /tools/framing/","/tools/framing/rafter-calculator.html | /tools/framing/","Informational","Low","Planned","57","225","rafter-spacing-16-vs-24-inches",""
"226","double top plate vs single framing code","framing","Blog","stud-calculator","/tools/framing/stud-calculator.html","/tools/framing/stud-calculator.html | /tools/framing/beam-calculator.html | /tools/framing/header-calculator.html | /tools/framing/","/tools/framing/stud-calculator.html | /tools/framing/","Informational","Low","Planned","57","226","double-top-plate-vs-single-framing-code",""
"227","beam size for a 12 foot span","framing","Blog","beam-calculator","/tools/framing/beam-calculator.html","/tools/framing/beam-calculator.html | /tools/framing/header-calculator.html | /tools/framing/rafter-calculator.html | /tools/framing/","/tools/framing/beam-calculator.html | /tools/framing/","Informational","Medium","Planned","57","227","beam-size-for-a-12-foot-span",""
"228","cost to install a paver patio per square foot","landscaping","Blog","paver-calculator","/tools/landscaping/paver-calculator.html","/tools/landscaping/paver-calculator.html | /tools/landscaping/drainage-calculator.html | /tools/landscaping/edging-calculator.html | /tools/landscaping/","/tools/landscaping/paver-calculator.html | /tools/landscaping/","Commercial","High","Planned","57","228","cost-to-install-a-paver-patio-per-square-foot",""
"229","how much does a retaining wall cost per square foot","landscaping","Blog","retaining-wall-calculator","/tools/landscaping/retaining-wall-calculator.html","/tools/landscaping/retaining-wall-calculator.html | /tools/landscaping/drainage-calculator.html | /tools/landscaping/edging-calculator.html | /tools/landscaping/","/tools/landscaping/retaining-wall-calculator.html | /tools/landscaping/","Commercial","High","Planned","58","229","how-much-does-a-retaining-wall-cost-per-square-foot",""
"230","cost to install a french drain per foot","landscaping","Blog","drainage-calculator","/tools/landscaping/drainage-calculator.html","/tools/landscaping/drainage-calculator.html | /tools/landscaping/edging-calculator.html | /tools/landscaping/gravel-calculator.html | /tools/landscaping/","/tools/landscaping/drainage-calculator.html | /tools/landscaping/","Commercial","Medium","Planned","58","230","cost-to-install-a-french-drain-per-foot",""
"231","how much does a pergola cost per square foot","decking","Blog","deck-calculator","/tools/decking/deck-calculator.html","/tools/decking/deck-calculator.html | /tools/decking/deck-beam-calculator.html | /tools/decking/deck-joist-calculator.html | /tools/decking/","/tools/decking/deck-calculator.html | /tools/decking/","Commercial","Low","Planned","58","231","how-much-does-a-pergola-cost-per-square-foot",""
"232","landscape curb cost per linear foot","landscaping","Blog","edging-calculator","/tools/landscaping/edging-calculator.html","/tools/landscaping/edging-calculator.html | /tools/landscaping/drainage-calculator.html | /tools/landscaping/gravel-calculator.html | /tools/landscaping/","/tools/landscaping/edging-calculator.html | /tools/landscaping/","Commercial","Low","Planned","58","232","landscape-curb-cost-per-linear-foot",""
"233","cost to build a stone wall per square foot","landscaping","Blog","retaining-wall-calculator","/tools/landscaping/retaining-wall-calculator.html","/tools/landscaping/retaining-wall-calculator.html | /tools/landscaping/drainage-calculator.html | /tools/landscaping/edging-calculator.html | /tools/landscaping/","/tools/landscaping/retaining-wall-calculator.html | /tools/landscaping/","Commercial","Low","Planned","59","233","cost-to-build-a-stone-wall-per-square-foot",""
"234","average cost to paint exterior trim per linear foot","painting","Blog","exterior-paint-calculator","/tools/painting/exterior-paint-calculator.html","/tools/painting/exterior-paint-calculator.html | /tools/painting/paint-calculator.html | /tools/painting/painting-cost-calculator.html | /tools/painting/","/tools/painting/exterior-paint-calculator.html | /tools/painting/","Commercial","Low","Planned","59","234","average-cost-to-paint-exterior-trim-per-linear-foot",""
"235","how to calculate mulch coverage per yard","landscaping","Blog","mulch-calculator","/tools/landscaping/mulch-calculator.html","/tools/landscaping/mulch-calculator.html | /tools/landscaping/drainage-calculator.html | /tools/landscaping/edging-calculator.html | /tools/landscaping/","/tools/landscaping/mulch-calculator.html | /tools/landscaping/","Informational","Medium","Planned","59","235","how-to-calculate-mulch-coverage-per-yard",""
"236","gravel driveway cost per ton","landscaping","Blog","gravel-calculator","/tools/landscaping/gravel-calculator.html","/tools/landscaping/gravel-calculator.html | /tools/landscaping/drainage-calculator.html | /tools/landscaping/edging-calculator.html | /tools/landscaping/","/tools/landscaping/gravel-calculator.html | /tools/landscaping/","Commercial","Medium","Planned","59","236","gravel-driveway-cost-per-ton",""
"237","how much topsoil do i need for a garden","landscaping","Blog","soil-calculator","/tools/landscaping/soil-calculator.html","/tools/landscaping/soil-calculator.html | /tools/landscaping/drainage-calculator.html | /tools/landscaping/edging-calculator.html | /tools/landscaping/","/tools/landscaping/soil-calculator.html | /tools/landscaping/","Informational","Medium","Planned","60","237","how-much-topsoil-do-i-need-for-a-garden",""
"238","sod cost per pallet installed","landscaping","Blog","sod-calculator","/tools/landscaping/sod-calculator.html","/tools/landscaping/sod-calculator.html | /tools/landscaping/drainage-calculator.html | /tools/landscaping/edging-calculator.html | /tools/landscaping/","/tools/landscaping/sod-calculator.html | /tools/landscaping/","Commercial","Medium","Planned","60","238","sod-cost-per-pallet-installed",""
"239","paver patio cost calculator","landscaping","Blog","paver-calculator","/tools/landscaping/paver-calculator.html","/tools/landscaping/paver-calculator.html | /tools/landscaping/drainage-calculator.html | /tools/landscaping/edging-calculator.html | /tools/landscaping/","/tools/landscaping/paver-calculator.html | /tools/landscaping/","Commercial","Medium","Planned","60","239","paver-patio-cost-calculator",""
"240","retaining wall block calculator cost","landscaping","Blog","retaining-wall-calculator","/tools/landscaping/retaining-wall-calculator.html","/tools/landscaping/retaining-wall-calculator.html | /tools/landscaping/drainage-calculator.html | /tools/landscaping/edging-calculator.html | /tools/landscaping/","/tools/landscaping/retaining-wall-calculator.html | /tools/landscaping/","Commercial","Medium","Planned","60","240","retaining-wall-block-calculator-cost",""
"241","landscape rock vs mulch cost","landscaping","Blog","rock-calculator","/tools/landscaping/rock-calculator.html","/tools/landscaping/rock-calculator.html | /tools/landscaping/drainage-calculator.html | /tools/landscaping/edging-calculator.html | /tools/landscaping/","/tools/landscaping/rock-calculator.html | /tools/landscaping/","Commercial","Low","Planned","61","241","landscape-rock-vs-mulch-cost",""
"242","how many cubic yards of soil for raised bed","landscaping","Blog","soil-calculator","/tools/landscaping/soil-calculator.html","/tools/landscaping/soil-calculator.html | /tools/landscaping/drainage-calculator.html | /tools/landscaping/edging-calculator.html | /tools/landscaping/","/tools/landscaping/soil-calculator.html | /tools/landscaping/","Informational","Low","Planned","61","242","how-many-cubic-yards-of-soil-for-raised-bed",""
"243","river rock calculator for flower bed","landscaping","Blog","rock-calculator","/tools/landscaping/rock-calculator.html","/tools/landscaping/rock-calculator.html | /tools/landscaping/drainage-calculator.html | /tools/landscaping/edging-calculator.html | /tools/landscaping/","/tools/landscaping/rock-calculator.html | /tools/landscaping/","Informational","Low","Planned","61","243","river-rock-calculator-for-flower-bed",""
"244","how much sand under a paver patio","landscaping","Blog","sand-calculator","/tools/landscaping/sand-calculator.html","/tools/landscaping/sand-calculator.html | /tools/landscaping/drainage-calculator.html | /tools/landscaping/edging-calculator.html | /tools/landscaping/","/tools/landscaping/sand-calculator.html | /tools/landscaping/","Informational","Low","Planned","61","244","how-much-sand-under-a-paver-patio",""
